year,agency,n_resp,wt_sum,eei,eei_leaders,eei_supervisors,eei_intrinsic,gsi,pci,exi,pp_recommend,pp_job_sat,pp_pay_sat,pp_org_sat,pp_encouraged,pp_workload,pp_skills,pp_perf_diff,pp_sat_recog,pp_recog_quality,leave_no,leave_other,leave_within,leave_outside,leave_any,leave_n_valid,leave_missing_pct,leave2020pre_other,leave2020pre_within,leave2020pre_outside
2019,AF,31348,125690.6,69.51,60.75,75.12,72.66,63.77,,,64.76,67.85,62.07,60.42,65.8,63.01,68.67,40.38,53.55,56.48,57.25,10.8,27.76,4.19,42.75,28473,9.17,,,
2019,AG,36529,71888.1,64.69,48.53,75.51,70.03,59.66,,,60.57,65.54,59.65,52.86,57.69,48.7,63.74,32.66,48.06,45.08,65.62,12.85,15.51,6.02,34.38,34401,5.83,,,
2019,ALL,615395,1394911.6,68.48,57.09,76.22,72.14,64.92,,,66.76,68.61,63.33,61.0,61.81,59.23,67.23,39.2,53.41,54.36,64.91,10.48,20.32,4.3,35.09,575561,6.47,,,
2019,AM,2010,3291.5,70.65,59.63,79.13,73.17,66.37,,,71.4,66.93,63.19,63.95,67.32,44.82,73.97,41.89,52.03,60.22,67.92,10.76,12.77,8.56,32.08,1929,4.03,,,
2019,AR,85639,186946.0,69.82,59.17,75.85,74.44,66.36,,,67.84,70.34,64.91,62.34,66.22,61.75,69.08,39.82,53.13,55.6,60.29,10.89,25.66,3.16,39.71,81258,5.12,,,
2019,BG,585,846.8,79.66,73.54,83.31,82.14,78.43,,,84.05,80.24,67.27,82.17,76.96,76.3,78.81,49.99,68.41,70.32,75.0,8.58,14.19,2.23,25.0,553,5.47,,,
2019,BO,335,419.6,71.94,52.25,84.47,79.09,75.35,,,81.4,78.44,69.67,71.9,77.35,57.83,82.24,53.03,68.83,74.61,65.34,7.18,17.24,10.23,34.66,326,2.69,,,
2019,CM,19847,36299.9,72.62,61.54,81.4,74.9,71.06,,,74.6,73.54,68.12,67.99,61.88,54.34,72.88,47.46,59.0,61.21,75.94,8.47,11.26,4.33,24.06,19019,4.17,,,
2019,CT,411,632.5,65.64,51.96,78.45,66.52,61.68,,,65.66,62.61,58.92,59.54,56.3,61.68,59.07,22.87,47.64,44.41,68.0,8.47,14.92,8.61,32.0,379,7.79,,,
2019,CU,891,1057.7,68.68,57.0,78.6,70.45,71.57,,,75.25,72.73,71.01,67.29,54.26,57.05,73.74,42.8,52.06,54.23,77.01,7.49,11.4,4.1,22.99,855,4.04,,,
2019,DD,31418,79534.9,69.63,59.91,75.84,73.14,67.22,,,67.93,69.62,67.72,63.6,64.24,63.5,68.75,42.74,55.42,57.17,60.61,10.2,26.3,2.89,39.39,29090,7.41,,,
2019,DJ,28199,99853.6,67.33,56.37,74.3,71.32,66.45,,,68.95,69.26,63.83,63.76,58.31,61.18,66.16,37.59,54.34,53.18,69.91,10.19,14.08,5.81,30.09,25459,9.72,,,
2019,DL,7949,13432.4,67.83,56.4,76.16,70.93,65.21,,,64.71,67.75,66.81,61.55,56.65,56.92,63.05,39.98,53.11,53.35,64.28,10.88,20.52,4.32,35.72,7462,6.13,,,
2019,DN,8565,11940.1,71.95,59.97,80.79,75.1,69.95,,,70.49,72.64,70.46,66.2,68.33,61.7,74.55,43.16,59.57,59.36,68.33,10.8,15.64,5.23,31.67,8270,3.44,,,
2019,DR,1162,1361.4,81.67,76.44,87.94,80.61,80.76,,,87.23,82.15,71.96,81.69,70.98,79.22,83.3,56.46,73.12,74.88,75.91,7.86,9.32,6.91,24.09,1131,2.67,,,
2019,ED,2167,3341.8,62.03,42.78,77.13,66.19,49.77,,,40.85,55.34,61.22,41.65,55.59,47.22,61.08,36.06,46.68,44.52,57.4,11.64,24.75,6.21,42.6,2025,6.55,,,
2019,EE,1235,1952.7,71.97,62.11,77.33,76.48,69.01,,,66.23,75.22,66.29,68.3,63.16,55.97,67.18,46.57,59.71,60.17,66.93,11.87,17.18,4.01,33.07,1167,5.51,,,
2019,EP,8352,13052.3,67.93,50.08,80.77,72.96,64.35,,,65.01,68.19,68.68,55.52,65.69,51.55,69.72,40.35,58.79,60.14,71.1,11.15,13.04,4.71,28.9,7932,5.03,,,
2019,FC,535,1279.6,70.89,59.31,80.0,73.35,65.62,,,68.12,69.67,62.49,62.21,63.88,68.56,68.52,38.46,59.57,58.26,71.14,7.42,11.94,9.5,28.86,493,7.85,,,
2019,FQ,528,1053.0,66.47,53.02,74.47,71.91,65.19,,,60.19,66.82,73.64,60.09,59.31,64.07,64.28,37.03,51.65,51.28,65.49,6.62,25.74,2.15,34.51,490,7.2,,,
2019,FT,625,945.2,83.86,79.63,87.64,84.32,77.25,,,87.04,82.0,56.3,83.66,78.55,77.12,86.1,58.6,77.17,81.37,76.6,6.04,10.72,6.65,23.4,594,4.96,,,
2019,GS,7095,10223.9,78.08,69.49,85.48,79.27,77.29,,,81.05,78.25,73.74,76.11,74.09,66.57,78.76,52.67,67.57,68.73,72.59,8.12,16.18,3.1,27.41,6702,5.54,,,
2019,HE,51703,73081.8,73.5,64.41,78.68,77.42,71.69,,,75.83,74.32,66.35,70.26,68.98,62.86,73.56,46.4,60.58,62.84,71.66,8.91,15.36,4.07,28.34,49463,4.33,,,
2019,HF,500,573.0,67.96,54.16,78.2,71.54,70.31,,,69.31,70.04,74.78,67.09,64.22,68.56,71.98,36.57,52.21,48.22,73.46,10.16,10.5,5.88,26.54,471,5.8,,,
2019,HS,76883,174720.3,61.66,48.63,71.68,64.66,55.9,,,56.11,60.4,56.06,51.03,49.86,55.48,57.64,32.74,44.46,43.19,61.04,10.34,23.82,4.81,38.96,71630,6.83,,,
2019,HU,3763,6774.5,67.7,54.06,76.52,72.5,65.66,,,58.99,69.94,72.73,61.0,63.97,58.34,68.3,42.57,59.99,57.57,66.15,11.68,18.34,3.83,33.85,3521,6.43,,,
2019,IB,765,1332.9,62.39,48.88,69.29,68.99,59.22,,,51.97,64.67,65.21,55.02,57.42,58.55,60.22,37.67,49.23,46.31,72.83,11.95,12.3,2.92,27.17,707,7.58,,,
2019,IN,26815,45668.0,65.66,48.12,76.08,72.78,64.45,,,66.36,68.77,63.65,59.03,65.14,49.65,69.78,39.54,55.54,55.39,65.78,10.92,18.79,4.51,34.22,25532,4.78,,,
2019,NF,865,1195.2,77.09,69.67,81.92,79.67,75.83,,,81.7,76.47,69.74,75.42,75.53,56.87,80.75,45.14,64.49,65.36,66.33,10.65,16.66,6.37,33.67,815,5.78,,,
2019,NL,768,1258.6,63.17,45.81,79.07,64.64,52.49,,,50.73,59.22,58.35,41.67,40.27,41.0,57.38,37.5,52.36,46.37,70.2,11.0,9.79,9.01,29.8,661,13.93,,,
2019,NN,10789,16690.4,83.0,75.33,88.49,85.18,81.46,,,87.56,83.91,74.08,80.29,83.38,68.9,86.41,57.17,72.53,78.69,79.26,9.48,7.21,4.05,20.74,10337,4.19,,,
2019,NQ,1697,2533.0,66.86,52.33,77.08,71.17,56.88,,,54.31,64.85,54.58,53.77,60.63,56.83,62.56,43.49,57.98,55.65,59.21,9.21,27.16,4.42,40.79,1625,4.24,,,
2019,NU,2174,2853.0,74.15,64.61,82.12,75.7,71.92,,,73.1,73.59,72.23,68.77,68.24,68.68,74.07,43.54,63.01,65.78,69.57,12.24,13.06,5.12,30.43,2082,4.23,,,
2019,NV,51318,177676.0,69.98,59.45,77.25,73.24,65.59,,,68.97,69.17,62.67,61.53,65.18,62.88,70.06,39.0,52.72,56.55,62.77,10.02,23.26,3.95,37.23,46875,8.66,,,
2019,OM,3049,5234.4,73.56,61.33,83.61,75.73,70.08,,,70.81,74.57,69.79,65.17,62.65,63.74,67.07,47.09,59.95,60.14,67.62,8.85,21.26,2.27,32.38,2887,5.31,,,
2019,RR,346,795.0,68.76,59.84,74.85,71.58,66.85,,,69.77,69.3,63.68,64.66,58.23,50.62,66.89,41.99,59.65,54.08,67.96,12.07,17.65,2.32,32.04,322,6.94,,,
2019,SB,1388,2001.7,69.57,58.75,75.76,74.2,67.55,,,64.27,71.96,69.34,64.64,64.06,60.49,62.16,42.55,57.55,53.61,63.73,11.92,20.79,3.55,36.27,1314,5.33,,,
2019,SE,3222,4274.5,76.11,67.22,83.44,77.66,75.44,,,83.56,78.24,63.76,76.21,66.87,72.72,75.96,34.46,59.75,61.09,80.15,6.84,4.25,8.75,19.85,3075,4.56,,,
2019,SK,357,467.1,66.0,50.94,77.21,69.84,62.52,,,63.32,64.94,63.69,58.11,60.21,62.32,65.77,39.13,54.28,55.95,57.95,10.55,29.57,1.93,42.05,343,3.92,,,
2019,SN,452,710.6,65.51,52.68,71.56,72.29,61.97,,,67.24,69.18,49.56,61.89,58.01,63.54,61.74,40.19,52.23,51.35,68.59,11.99,17.5,1.92,31.41,432,4.42,,,
2019,ST,9713,22511.9,68.14,53.99,78.09,72.35,66.48,,,69.5,69.18,67.94,59.3,62.45,51.64,71.01,39.66,53.26,58.76,69.73,9.44,12.69,8.13,30.27,8966,7.69,,,
2019,SZ,27933,57700.7,66.67,57.14,72.49,70.38,64.47,,,64.9,66.49,65.32,61.15,53.88,49.19,59.68,35.15,52.55,51.63,70.46,9.89,15.8,3.85,29.54,25483,8.77,,,
2019,TC,317,339.5,84.35,77.63,87.63,87.79,81.37,,,89.63,84.98,63.78,87.09,83.3,73.44,90.17,57.68,73.05,78.72,70.98,8.08,12.93,8.02,29.02,307,3.15,,,
2019,TD,20414,50327.9,68.59,55.47,77.94,72.36,67.42,,,71.65,71.49,63.33,63.23,61.1,60.8,68.17,37.17,52.96,53.19,70.38,10.45,14.52,4.65,29.62,19284,5.54,,,
2019,TR,41771,76655.2,69.46,58.18,78.89,71.3,64.41,,,66.9,68.85,61.04,60.85,58.87,60.46,64.42,40.62,56.11,53.65,70.31,12.1,14.36,3.23,29.69,39289,5.94,,,
2019,XX,2968,4493.0,69.26,54.91,79.45,73.41,64.92,,,64.03,68.46,65.56,61.64,62.94,61.91,69.31,44.98,56.91,56.24,59.96,12.96,19.43,7.64,40.04,2132,28.17,,,
2020,AF,35476,133832.1,74.46,65.79,80.81,76.77,68.9,,,70.75,71.68,66.5,66.66,71.79,69.19,72.74,51.77,58.67,66.55,58.22,12.39,25.03,4.36,41.78,31636,10.82,9.21,22.25,3.1
2020,AG,33399,69779.3,69.21,54.55,79.29,73.8,64.25,,,66.5,68.09,62.96,59.44,64.1,56.67,67.47,45.48,53.3,56.81,69.44,13.13,13.12,4.31,30.56,30287,9.32,10.27,12.14,3.05
2020,ALL,624800,1452901.3,72.45,61.57,80.23,75.54,68.73,,,70.69,71.58,67.03,65.61,66.59,66.71,69.93,50.86,58.73,64.25,66.94,11.26,18.04,3.76,33.06,567057,9.24,8.89,16.34,2.65
2020,AM,2097,3359.8,72.78,58.06,82.89,77.4,68.52,,,73.59,68.74,67.55,64.2,72.96,51.25,75.75,56.45,58.76,71.8,74.31,9.87,7.69,8.12,25.69,1920,8.44,7.6,7.61,5.87
2020,AR,82155,193984.4,72.71,62.75,78.9,76.5,69.01,,,70.41,71.98,67.56,66.08,69.02,67.48,70.09,49.95,57.61,63.53,60.66,12.32,23.7,3.32,39.34,74719,9.05,9.76,21.53,2.3
2020,CM,21310,37656.8,76.04,65.46,84.35,78.31,73.71,,,77.63,75.83,69.64,71.74,66.29,62.79,74.29,57.57,63.07,70.18,80.29,8.88,8.01,2.83,19.71,19856,6.82,6.83,7.64,2.39
2020,CU,926,1068.9,76.46,68.05,84.1,77.23,77.58,,,82.54,77.64,72.37,77.79,65.85,65.73,77.42,54.85,59.64,67.53,83.02,8.16,6.75,2.07,16.98,878,5.18,7.09,7.77,2.04
2020,DD,36435,90175.0,73.89,64.3,80.35,77.03,71.47,,,72.38,73.4,71.07,69.05,68.77,69.86,71.34,54.79,61.05,66.87,63.45,10.87,23.02,2.66,36.55,32806,9.96,8.58,21.35,1.77
2020,DJ,29013,106362.5,68.8,56.55,77.18,72.67,67.25,,,69.4,69.46,66.52,63.61,60.95,67.22,66.53,47.57,57.03,60.51,64.12,12.1,17.4,6.38,35.88,25270,12.9,9.1,15.01,3.91
2020,DL,7187,12993.5,72.55,62.11,80.28,75.26,69.84,,,69.29,72.19,70.97,66.9,64.99,63.5,67.39,55.18,60.43,66.16,69.92,10.47,16.66,2.95,30.08,6513,9.38,8.81,15.96,2.3
2020,DN,8904,11613.6,77.1,66.68,84.88,79.73,75.14,,,76.88,77.07,73.68,72.92,74.41,66.78,77.56,57.15,67.02,71.66,74.32,11.2,11.02,3.46,25.68,8353,6.19,9.5,10.63,2.92
2020,DR,1148,1369.6,85.41,81.3,91.03,83.91,84.48,,,90.31,84.97,76.54,86.08,75.05,76.97,85.76,70.42,80.65,83.86,78.85,8.87,7.98,4.3,21.15,1101,4.09,7.82,8.69,4.58
2020,ED,2367,3304.7,69.57,53.27,82.55,72.88,60.95,,,54.44,66.3,68.13,54.94,63.64,57.69,67.17,53.75,57.74,63.45,68.93,9.91,16.83,4.33,31.07,2177,8.03,9.63,18.73,4.58
2020,EE,1311,1875.6,76.85,68.32,82.62,79.61,72.61,,,72.96,76.16,69.93,71.41,68.32,62.45,72.56,60.54,68.65,72.11,74.63,9.93,12.64,2.8,25.37,1195,8.85,8.82,12.84,2.39
2020,EP,8115,13114.8,73.41,56.35,85.74,78.16,70.03,,,70.78,72.49,75.04,61.82,73.06,62.04,74.18,58.88,68.08,73.95,74.2,12.59,9.71,3.51,25.8,7525,7.27,9.64,9.24,2.38
2020,GS,7332,10604.9,83.44,78.07,89.0,83.24,82.4,,,86.27,82.39,78.04,82.89,79.16,72.97,83.32,63.87,72.0,78.25,80.18,7.66,10.69,1.47,19.82,6806,7.17,7.08,10.58,1.43
2020,HE,50393,73861.9,76.48,67.55,81.95,79.95,74.06,,,77.24,76.59,69.8,72.59,72.86,67.58,75.83,57.1,64.34,70.67,75.65,8.8,12.1,3.44,24.35,46784,7.16,7.08,11.21,2.27
2020,HS,84704,185448.3,66.47,53.78,76.57,69.05,61.12,,,62.03,65.34,59.93,57.18,54.15,69.99,61.06,43.56,49.61,53.34,65.73,10.55,19.88,3.84,34.27,77402,8.62,8.16,17.29,2.44
2020,HU,4509,6892.3,74.8,64.09,82.77,77.53,72.69,,,69.34,76.04,75.73,69.65,71.41,67.46,75.04,58.06,67.26,71.0,73.46,10.15,14.08,2.32,26.54,4088,9.34,9.22,14.15,2.06
2020,IN,26114,46274.7,69.43,52.58,79.98,75.74,67.32,,,69.48,70.8,66.29,62.73,69.51,58.65,71.94,50.94,60.01,65.39,69.63,11.79,15.34,3.25,30.37,24036,7.96,9.86,14.1,2.17
2020,NF,927,1210.7,82.66,77.0,86.51,84.46,82.38,,,86.51,82.06,77.31,83.63,81.6,58.41,85.46,63.06,75.63,82.17,77.28,10.06,10.49,2.16,22.72,858,7.44,8.51,12.78,3.29
2020,NL,776,1202.3,66.89,50.67,81.98,68.0,56.74,,,53.37,65.13,60.15,48.31,48.99,57.47,61.96,55.96,61.78,63.43,74.81,12.6,7.27,5.31,25.19,685,11.73,11.08,8.15,4.35
2020,NN,10588,16809.0,86.59,80.69,91.32,87.77,84.46,,,90.07,85.85,77.84,84.09,86.59,69.73,87.32,70.17,79.04,86.19,82.56,9.71,5.1,2.62,17.44,10002,5.53,7.92,4.68,2.26
2020,NQ,1494,2394.4,76.44,64.57,85.33,79.43,68.6,,,67.05,75.36,64.0,68.01,72.73,72.32,74.04,60.88,67.01,72.9,73.48,8.42,15.77,2.33,26.52,1376,7.9,8.8,17.63,2.53
2020,NU,2166,2688.4,77.81,69.17,84.89,79.38,74.98,,,76.62,74.98,75.97,72.34,76.08,70.21,75.8,58.43,68.2,77.93,74.78,12.35,9.52,3.35,25.22,2034,6.09,10.32,11.04,3.1
2020,NV,52153,200463.2,74.11,63.93,81.76,76.64,69.63,,,72.27,72.08,67.92,66.24,70.17,68.7,72.18,52.12,60.17,67.43,61.79,11.7,22.11,4.4,38.21,47067,9.75,9.25,19.67,3.13
2020,OM,1343,2342.6,76.4,63.87,86.37,78.97,72.16,,,69.98,74.96,74.41,69.28,71.37,67.8,71.26,56.78,62.99,66.9,69.72,9.36,17.94,2.98,30.28,1232,8.27,7.72,17.44,1.97
2020,SB,1333,1975.6,73.3,61.8,79.59,78.5,72.07,,,68.29,76.3,73.82,69.86,69.79,66.59,69.41,54.68,64.26,66.68,68.3,10.07,18.86,2.76,31.7,1204,9.68,9.46,16.99,1.61
2020,ST,10933,22634.5,71.91,56.49,83.31,75.94,67.08,,,69.94,68.93,70.19,59.26,69.69,62.29,73.88,51.03,58.75,69.33,72.57,11.88,8.92,6.63,27.43,9951,8.98,8.49,8.66,4.97
2020,SZ,28651,58943.9,68.36,58.97,74.51,71.6,65.25,,,65.35,66.58,67.03,62.06,55.36,53.58,59.11,42.07,53.2,57.98,74.55,9.82,12.81,2.82,25.45,24809,13.41,8.15,12.84,2.45
2020,TD,22246,51155.4,75.77,64.95,83.82,78.54,74.36,,,79.21,77.82,68.35,72.05,70.71,70.74,74.2,53.97,64.96,69.06,77.9,10.1,9.73,2.28,22.1,20673,7.07,8.27,8.97,2.04
2020,TR,40347,73434.2,74.99,65.46,82.99,76.53,71.23,,,74.28,74.86,66.75,69.02,66.52,66.86,71.49,54.34,63.23,65.89,76.27,11.4,10.35,1.98,23.73,36242,10.17,9.66,9.27,1.59
2020,XX,8948,14074.6,74.82,63.88,82.48,78.11,71.18,,,72.09,74.87,67.91,69.85,70.37,69.03,73.24,56.26,64.56,69.45,73.18,9.99,12.84,3.98,26.82,7572,15.38,7.68,12.77,3.43
2021,AF,13848,186804.9,72.11,62.52,79.72,74.1,63.12,83.72,,66.7,66.17,57.94,61.67,68.69,65.3,69.72,53.15,56.34,65.21,52.0,17.75,23.78,6.48,48.0,12596,9.04,,,
2021,AG,20634,99989.2,70.07,55.35,81.98,72.87,59.3,85.68,,64.07,64.66,52.96,55.51,63.46,53.45,68.13,47.27,53.3,58.02,65.83,15.15,10.98,8.04,34.17,19571,5.15,,,
2021,ALL,292520,1698731.7,70.99,60.02,79.83,73.11,63.85,84.48,,66.55,66.73,61.17,60.97,64.45,62.18,68.21,50.49,57.03,62.71,61.72,14.78,17.84,5.66,38.28,273309,6.57,,,
2021,AM,1625,3879.3,74.7,66.06,84.02,74.03,68.55,87.23,,72.81,68.64,65.39,67.37,68.51,50.08,73.64,52.27,58.48,71.56,71.84,10.1,11.5,6.56,28.16,1530,5.85,,,
2021,AR,35772,238441.5,70.23,59.75,77.83,73.11,63.29,83.45,,65.28,66.35,61.16,60.36,65.99,64.43,67.14,47.84,54.28,60.46,54.4,16.81,23.72,5.06,45.6,33639,5.96,,,
2021,CM,9568,47073.2,76.46,66.72,84.6,78.05,71.13,89.43,,76.79,73.7,63.22,70.83,67.23,62.08,74.72,58.56,64.03,70.84,75.52,11.47,8.56,4.45,24.48,9142,4.45,,,
2021,CU,867,1090.9,76.89,69.15,85.49,76.03,73.01,89.52,,79.13,74.44,64.28,74.17,64.85,55.59,75.48,54.57,63.86,67.68,75.45,12.07,8.26,4.23,24.55,832,4.04,,,
2021,DD,17055,106250.7,72.71,63.12,80.03,74.98,68.31,85.62,,69.56,69.81,68.99,64.87,67.24,64.77,70.43,54.88,59.4,65.49,60.44,14.28,21.68,3.6,39.56,16033,5.99,,,
2021,DJ,15454,113925.0,65.04,51.85,74.89,68.36,59.51,78.23,,60.85,62.3,59.44,55.44,55.36,62.08,62.23,44.34,52.96,56.66,60.01,15.33,15.95,8.7,39.99,14145,8.47,,,
2021,DL,6872,13367.2,75.51,66.5,83.66,76.38,69.85,90.27,,71.46,72.49,66.95,68.5,66.22,60.71,69.47,59.86,65.81,69.96,68.39,11.08,16.58,3.95,31.61,6395,6.94,,,
2021,DN,7980,12608.8,77.28,66.71,86.18,78.95,72.05,91.45,,74.35,73.81,69.68,70.37,73.93,62.83,77.41,61.61,69.25,72.77,68.31,13.64,12.74,5.31,31.69,7668,3.91,,,
2021,DR,1071,1400.9,84.26,79.42,91.58,81.78,80.48,93.98,,88.32,81.62,69.72,82.25,73.65,70.02,84.49,70.83,78.31,81.94,73.25,10.79,10.69,5.26,26.75,1029,3.92,,,
2021,ED,2218,3705.2,75.66,64.94,85.02,77.02,69.56,90.11,,67.31,73.39,69.23,68.31,70.62,59.92,73.01,59.93,65.71,71.13,73.19,7.61,15.82,3.38,26.81,2099,5.37,,,
2021,EE,963,1809.2,79.76,74.02,84.19,81.08,75.38,90.99,,76.43,79.14,69.6,76.37,70.08,60.78,76.69,63.86,72.09,74.18,71.24,12.19,14.82,1.75,28.76,909,5.61,,,
2021,EP,6684,13860.2,78.05,68.37,86.05,79.73,74.41,90.83,,78.83,75.12,71.18,72.53,75.56,59.59,76.34,56.83,68.38,74.66,73.44,12.49,11.06,3.0,26.56,6337,5.19,,,
2021,GS,6651,11305.6,83.3,77.14,89.67,83.08,80.36,93.14,,84.97,81.12,74.41,80.94,79.75,69.43,83.8,67.54,74.94,79.47,75.43,9.62,11.93,3.02,24.57,6305,5.2,,,
2021,HE,19061,89059.5,77.4,69.54,83.2,79.45,72.46,89.72,,76.52,74.52,66.47,72.35,72.82,60.8,76.04,58.07,64.21,70.35,72.03,10.39,13.01,4.58,27.97,17962,5.77,,,
2021,HS,25638,204421.1,65.19,52.78,76.61,66.18,56.81,80.56,,57.49,60.2,56.68,52.86,53.28,62.86,60.14,44.16,50.03,54.02,63.09,14.0,17.76,5.15,36.91,24003,6.38,,,
2021,HU,4361,7382.0,77.28,68.91,84.54,78.4,72.89,89.92,,71.56,76.17,72.38,71.46,73.6,63.7,77.46,62.51,70.55,74.99,70.38,11.06,15.71,2.84,29.62,4158,4.65,,,
2021,IB,786,1301.2,70.24,57.6,77.89,75.24,65.96,81.4,,58.22,73.24,68.07,64.31,65.49,68.24,65.75,52.68,56.83,60.75,76.86,10.74,9.29,3.11,23.14,747,4.96,,,
2021,IN,13984,58928.5,70.2,54.86,80.3,75.45,64.9,84.82,,67.92,69.43,60.54,61.71,69.74,54.68,72.54,52.54,61.95,66.21,65.53,13.96,14.9,5.6,34.47,13157,5.91,,,
2021,NF,905,1365.8,84.49,79.18,88.54,85.75,83.7,92.8,,89.02,83.4,77.11,85.28,83.37,59.17,87.66,66.39,78.94,81.54,74.93,10.27,10.47,4.33,25.07,859,5.08,,,
2021,NQ,1303,2525.1,76.84,65.76,86.31,78.45,68.49,89.39,,67.51,73.4,63.81,69.23,71.44,70.28,70.94,62.4,67.53,72.21,70.06,9.56,17.12,3.26,29.94,1231,5.53,,,
2021,NU,1835,2643.0,76.2,63.75,86.67,78.2,70.4,90.62,,71.72,69.47,73.26,67.17,73.32,66.94,77.38,60.24,67.66,73.55,67.97,16.02,11.68,4.33,32.03,1757,4.25,,,
2021,NV,21101,226852.5,71.45,59.9,80.78,73.69,63.12,85.07,,66.2,65.56,61.93,58.76,67.1,65.15,69.59,51.42,56.89,64.32,54.94,16.13,21.94,6.99,45.06,19455,7.8,,,
2021,OM,1253,2373.6,77.21,68.57,85.53,77.54,71.48,89.94,,73.69,72.79,70.18,69.26,68.62,59.37,71.73,57.96,65.78,68.54,69.65,10.18,17.21,2.95,30.35,1179,5.91,,,
2021,SB,1382,1984.6,75.79,66.04,83.29,78.04,70.41,89.61,,68.57,74.9,68.67,69.49,68.58,59.16,69.79,58.81,65.53,68.1,67.45,11.72,17.63,3.2,32.55,1312,5.07,,,
2021,ST,9431,26805.5,71.16,62.24,80.32,70.92,63.06,86.43,,67.25,63.8,62.73,58.48,63.02,56.69,68.1,46.59,53.61,63.67,70.57,12.32,10.32,6.79,29.43,8659,8.19,,,
2021,SZ,11546,58004.4,68.68,59.3,76.3,70.44,60.29,79.92,,61.33,61.57,60.8,57.45,54.77,47.57,58.81,43.87,54.58,58.03,68.55,12.59,14.24,4.62,31.45,10730,7.07,,,
2021,TD,8454,52738.5,71.68,58.97,81.78,74.28,67.67,86.75,,71.6,69.79,65.77,63.54,65.55,62.25,69.91,50.41,61.0,64.0,69.08,14.85,10.51,5.56,30.92,7966,5.77,,,
2021,TR,15860,92101.6,74.29,65.83,82.42,74.61,67.52,87.5,,72.39,71.16,60.38,66.15,64.0,63.9,70.85,53.31,62.12,65.76,71.67,13.78,11.1,3.45,28.33,14786,6.77,,,
2021,XX,8358,14732.9,75.67,65.07,84.6,77.33,68.87,91.14,,71.43,72.05,64.17,67.84,68.49,65.74,73.58,57.45,65.56,69.17,68.21,11.14,14.92,5.73,31.79,7118,14.84,,,
2022,AF,31191,177752.8,72.59,62.97,80.08,74.72,63.02,83.49,71.88,65.7,67.87,55.73,62.79,69.37,65.29,70.69,44.55,57.39,62.31,55.3,15.07,23.82,5.82,44.7,28218,9.53,,,
2022,AG,43332,88027.5,70.32,56.41,81.87,72.67,58.85,83.84,72.11,64.51,65.42,48.2,57.28,63.22,55.38,69.25,37.65,50.47,52.49,66.96,12.41,13.93,6.7,33.04,40657,6.17,,,
2022,ALL,557778,1669683.2,70.54,59.23,79.73,72.68,61.69,83.52,71.83,64.51,66.2,55.86,60.2,63.82,61.44,68.03,41.78,54.4,58.62,61.81,13.52,19.53,5.13,38.19,518235,7.09,,,
2022,AM,1769,4145.9,73.84,64.39,82.89,74.23,64.63,86.06,78.34,68.26,65.4,60.36,64.48,68.92,47.13,74.7,41.53,54.08,64.26,71.31,10.26,10.6,7.83,28.69,1662,6.05,,,
2022,AR,60278,233193.0,70.57,59.5,78.24,73.98,62.51,83.68,72.53,64.29,67.15,57.76,60.83,66.48,63.48,67.98,41.81,54.25,58.44,56.22,14.67,24.75,4.36,43.78,55833,7.37,,,
2022,CM,21009,46847.5,75.1,64.71,84.44,76.15,67.07,88.77,74.64,72.98,71.63,55.94,67.71,64.36,60.45,72.61,47.46,59.61,66.28,72.06,12.17,11.13,4.63,27.94,19941,5.08,,,
2022,CU,904,1096.1,75.96,65.33,87.3,75.24,65.33,89.48,72.71,75.01,69.52,49.52,67.27,65.84,51.74,75.7,47.19,56.25,61.65,72.96,11.37,11.41,4.27,27.04,866,4.2,,,
2022,DD,31888,97000.6,73.08,63.57,80.73,74.93,66.28,85.31,73.76,67.44,69.55,63.52,64.63,67.15,66.44,70.4,47.97,58.93,63.28,60.35,13.59,22.86,3.19,39.65,29459,7.62,,,
2022,DJ,25866,116318.6,63.06,49.2,73.63,66.35,54.36,76.52,67.94,56.17,58.95,50.58,51.75,53.62,58.59,60.66,34.64,47.03,49.72,57.87,14.73,19.5,7.9,42.13,23358,9.7,,,
2022,DL,7550,14005.4,74.52,65.44,83.08,75.04,66.5,89.02,75.69,69.25,70.25,60.12,66.38,65.22,59.16,68.58,48.73,59.07,64.31,66.87,11.9,17.44,3.79,33.13,7024,6.97,,,
2022,DN,8587,12720.0,77.6,66.86,86.68,79.26,71.63,91.28,76.09,75.4,74.64,65.05,71.45,74.8,62.38,78.52,51.79,65.24,68.77,68.97,11.88,14.39,4.77,31.03,8220,4.27,,,
2022,DR,1079,1441.0,82.77,77.67,90.93,79.71,75.48,93.36,78.29,84.24,76.96,61.56,79.18,70.75,64.9,83.04,59.68,73.67,77.88,69.88,10.71,11.96,7.44,30.12,1026,4.91,,,
2022,ED,2698,3974.0,76.3,65.75,86.29,76.87,67.47,90.1,76.58,67.02,72.49,63.89,66.47,70.24,56.95,73.71,50.93,62.96,67.43,74.93,7.9,14.52,2.64,25.07,2568,4.82,,,
2022,EE,1102,2013.3,77.56,69.85,84.84,77.99,69.16,89.98,83.79,70.46,75.55,60.56,70.07,66.86,57.51,73.42,56.2,67.46,74.27,64.46,13.96,18.83,2.75,35.54,1009,8.44,,,
2022,EP,7757,14777.0,77.96,68.23,86.09,79.56,73.64,90.23,81.21,77.37,76.46,67.46,73.29,74.81,58.22,76.94,48.32,66.34,73.2,73.63,11.99,11.16,3.22,26.37,7288,6.05,,,
2022,FT,782,1081.0,74.21,52.44,91.71,78.47,61.75,96.49,82.03,72.15,68.99,44.05,61.83,73.49,68.39,82.71,57.82,66.76,70.51,68.45,11.82,7.87,11.87,31.55,722,7.67,,,
2022,GS,7498,11662.1,82.91,76.67,89.88,82.19,78.32,92.32,77.52,83.43,79.83,70.29,79.72,79.02,69.13,83.09,57.91,71.52,76.14,75.21,8.63,13.93,2.23,24.79,7155,4.57,,,
2022,HE,50317,82800.5,77.88,69.47,84.29,79.88,71.47,89.34,80.49,75.78,75.45,62.57,72.07,73.79,65.0,77.09,51.17,63.85,68.79,74.16,9.33,12.81,3.7,25.84,47636,5.33,,,
2022,HS,73070,207062.9,64.32,51.5,76.15,65.32,54.08,77.82,66.77,55.41,59.04,50.42,51.46,51.77,60.3,59.45,35.54,46.01,49.89,62.46,12.91,19.94,4.68,37.54,68421,6.36,,,
2022,HU,4866,7895.4,76.25,67.04,84.46,77.23,69.71,89.66,76.49,68.11,73.46,69.37,67.88,71.58,64.31,76.6,54.25,66.6,70.47,65.03,12.09,19.75,3.13,34.97,4537,6.76,,,
2022,IN,27014,60615.1,70.37,55.73,80.54,74.83,62.59,84.1,75.69,66.94,68.14,53.73,61.54,69.25,53.69,72.26,41.09,56.24,59.47,66.08,12.51,17.02,4.38,33.92,25440,5.83,,,
2022,NF,1049,1461.7,82.25,75.86,87.75,83.14,81.05,92.83,82.42,84.79,81.55,75.99,81.88,79.89,57.99,84.51,56.65,75.82,78.38,74.86,11.11,10.56,3.47,25.14,1003,4.39,,,
2022,NQ,1407,2546.2,74.36,62.65,83.46,76.96,64.08,88.31,74.31,64.0,71.26,56.79,64.26,68.76,66.1,71.04,49.59,60.3,66.38,68.46,12.71,16.87,1.96,31.54,1328,5.61,,,
2022,NU,1889,2674.5,75.73,62.59,87.07,77.55,67.07,89.23,73.43,66.51,69.79,67.9,64.05,71.07,65.75,75.37,52.48,65.75,72.83,59.29,16.0,18.53,6.18,40.71,1807,4.34,,,
2022,NV,39890,226557.9,70.37,58.35,79.78,72.97,60.37,84.13,70.21,63.66,64.68,55.21,57.92,66.27,64.07,68.87,41.05,53.0,58.42,55.1,14.8,23.59,6.51,44.9,36394,8.76,,,
2022,OM,1516,2463.9,76.68,68.18,85.3,76.57,70.02,88.78,74.25,71.38,73.31,65.99,69.4,69.13,59.98,73.05,49.73,62.35,66.96,70.56,8.79,18.79,1.86,29.44,1417,6.53,,,
2022,SB,3524,6796.1,78.58,71.99,84.94,78.81,73.49,90.94,83.0,75.95,79.58,63.44,74.98,64.15,74.26,71.18,48.28,64.3,63.36,70.25,10.0,16.28,3.47,29.75,3301,6.33,,,
2022,ST,7962,27821.0,70.41,60.38,79.0,71.84,61.23,86.18,73.01,64.4,63.32,58.86,58.34,63.2,51.96,67.86,37.69,50.33,60.32,68.18,13.04,11.79,6.98,31.82,7281,8.55,,,
2022,SZ,26528,58075.2,65.71,55.79,75.08,66.25,53.34,76.67,66.55,54.44,56.47,51.05,51.4,49.72,45.22,55.11,32.01,47.26,50.5,63.65,13.52,17.61,5.22,36.35,24489,7.69,,,
2022,TD,19989,53386.0,71.93,58.48,82.93,74.39,66.45,86.35,73.7,71.28,70.6,59.93,64.0,65.09,62.03,71.05,41.85,56.97,58.93,68.94,12.61,13.62,4.84,31.06,18754,6.18,,,
2022,TR,35764,87443.8,73.74,64.33,82.67,74.22,64.52,87.09,70.66,68.96,69.36,55.86,63.92,64.29,63.38,70.76,46.88,59.82,63.57,68.54,14.04,13.83,3.59,31.46,33069,7.54,,,
2022,XX,9703,16027.3,74.6,63.74,83.24,76.82,66.83,89.47,76.75,68.51,70.82,61.95,66.03,68.65,63.06,72.47,47.96,60.95,64.05,67.02,12.19,16.16,4.63,32.98,8352,13.92,,,
2023,AF,29434,164604.9,73.71,64.45,80.67,75.99,64.96,84.15,73.27,68.42,69.04,57.7,64.7,71.6,66.58,73.78,48.17,58.81,65.2,53.71,14.17,26.61,5.52,46.29,26923,8.53,,,
2023,AG,48358,91674.8,71.6,59.05,82.09,73.68,60.71,84.72,73.87,67.86,67.49,47.9,59.59,64.92,55.73,71.89,41.12,53.48,56.55,65.12,12.5,16.02,6.36,34.88,45374,6.17,,,
2023,ALL,625568,1691257.4,71.74,61.21,80.18,73.82,63.81,83.82,73.44,67.48,68.09,57.38,62.29,65.49,62.3,70.33,44.98,56.03,60.82,62.5,12.47,20.5,4.53,37.5,584923,6.5,,,
2023,AM,1983,4225.9,69.91,59.4,79.76,70.57,62.45,84.24,76.39,66.13,62.61,61.44,59.64,64.89,46.4,71.11,43.05,50.96,60.53,70.11,11.27,12.25,6.36,29.89,1819,8.27,,,
2023,AR,52833,227347.0,73.27,63.46,80.33,76.02,66.28,84.87,74.85,68.82,70.01,61.65,64.63,70.11,65.48,72.87,46.98,57.35,62.77,57.0,13.63,25.75,3.63,43.0,49128,7.01,,,
2023,CM,25906,46533.2,75.98,66.38,84.93,76.62,68.25,89.07,75.63,74.8,72.85,56.14,69.22,64.79,59.42,74.31,49.52,60.08,67.25,75.56,10.29,9.87,4.28,24.44,24607,5.01,,,
2023,CU,908,1141.0,77.12,68.71,86.49,76.15,71.89,90.02,75.4,80.83,73.37,61.53,71.85,64.77,53.67,78.07,55.02,60.24,69.2,78.26,7.75,10.29,3.7,21.74,874,3.74,,,
2023,DD,40324,143324.6,70.1,59.95,77.09,73.25,62.69,82.82,73.55,64.84,66.58,58.73,60.6,64.36,63.6,66.46,44.27,53.84,58.57,56.44,14.69,25.16,3.71,43.56,36916,8.45,,,
2023,DJ,34081,115735.5,65.03,52.03,74.79,68.28,56.1,77.13,69.37,58.79,61.17,50.86,53.58,55.94,58.56,63.72,37.84,49.64,52.69,59.76,13.32,19.74,7.18,40.24,31199,8.46,,,
2023,DL,9214,14886.4,76.4,68.19,84.46,76.55,69.55,89.81,77.85,73.25,73.28,61.94,69.74,67.3,60.25,71.33,52.39,62.9,68.4,69.65,9.65,17.68,3.02,30.35,8625,6.39,,,
2023,DN,9481,13530.6,79.21,69.12,87.4,81.09,74.58,91.6,78.69,78.59,77.88,66.98,74.88,77.66,63.29,80.6,56.14,68.77,72.16,71.39,9.59,14.69,4.33,28.61,9121,3.8,,,
2023,DR,1195,1474.0,83.08,78.41,90.09,80.73,77.46,93.15,78.81,86.33,80.34,62.17,81.01,70.14,69.65,82.84,59.75,73.2,77.25,70.94,9.67,13.0,6.39,29.06,1153,3.51,,,
2023,ED,2773,3926.0,76.36,65.77,86.25,77.05,68.54,89.97,76.4,67.79,72.69,66.81,66.89,70.14,56.45,73.21,54.52,63.62,68.81,71.8,10.01,15.47,2.72,28.2,2629,5.19,,,
2023,EE,1379,2162.7,78.63,72.24,84.09,79.57,70.87,90.4,84.03,74.43,75.55,60.74,72.76,68.92,58.39,76.54,57.22,68.47,73.31,63.31,11.63,22.56,2.5,36.69,1295,6.09,,,
2023,EP,9226,14774.2,79.24,70.06,86.85,80.8,75.28,91.12,82.39,80.98,77.5,67.36,75.31,76.46,58.53,78.42,51.16,67.21,74.14,74.04,11.4,11.97,2.59,25.96,8691,5.8,,,
2023,FT,829,1099.0,78.71,60.25,92.63,83.25,68.45,95.9,85.57,77.78,77.16,47.02,71.83,79.57,68.3,85.35,62.67,71.52,79.38,76.61,7.59,8.11,7.69,23.39,793,4.34,,,
2023,GS,8092,12299.9,84.66,79.73,90.28,83.95,81.36,93.33,80.58,87.08,83.07,71.96,83.34,81.28,71.67,85.43,62.6,74.74,78.62,74.1,8.53,15.16,2.22,25.9,7658,5.36,,,
2023,HE,59020,83804.6,78.14,70.15,84.32,79.96,72.27,89.39,81.21,77.42,76.0,62.99,72.67,73.97,64.65,77.82,54.39,64.98,70.25,73.74,9.0,13.66,3.59,26.26,56345,4.53,,,
2023,HS,91700,212886.0,66.93,55.45,77.37,67.98,60.21,78.32,69.74,62.25,63.98,57.45,57.14,55.26,63.99,63.76,39.37,49.57,53.13,66.93,10.21,19.22,3.65,33.07,86497,5.67,,,
2023,HU,5641,7931.7,77.47,69.92,84.86,77.62,71.83,89.39,77.96,71.75,74.3,71.1,70.16,72.26,63.51,77.48,56.99,69.29,74.3,66.81,9.7,20.78,2.7,33.19,5306,5.94,,,
2023,IN,35949,62065.0,72.27,58.65,81.64,76.5,64.97,84.9,77.15,70.61,71.18,53.98,64.13,71.54,54.76,75.39,44.98,58.75,62.47,67.74,11.57,16.73,3.96,32.26,34407,4.29,,,
2023,NF,1070,1450.0,78.65,66.47,87.77,81.71,75.26,92.0,80.68,80.36,77.01,71.68,71.99,79.4,54.06,83.66,57.44,69.84,74.48,71.96,10.83,13.2,4.0,28.04,1008,5.79,,,
2023,NQ,1502,2527.1,73.33,62.03,82.86,75.11,63.7,88.77,75.49,66.77,70.15,55.77,62.12,67.47,61.55,69.57,51.93,61.42,67.85,71.53,10.37,16.27,1.83,28.47,1417,5.66,,,
2023,NU,1908,2652.0,74.43,59.57,86.51,77.19,65.6,88.78,73.27,65.63,69.26,66.31,61.21,70.74,62.97,75.44,50.91,62.75,69.74,65.86,12.7,15.74,5.7,34.14,1834,3.88,,,
2023,NV,39201,197949.5,72.14,60.84,80.74,74.83,62.84,84.82,72.28,67.04,67.57,56.18,60.55,68.82,65.33,72.23,45.19,55.03,61.43,55.6,14.31,24.46,5.64,44.4,36018,8.12,,,
2023,OM,1595,2589.8,79.71,72.38,87.52,79.22,73.8,89.79,76.8,77.11,76.06,68.62,73.4,72.8,63.28,75.97,55.64,67.73,73.2,71.26,8.85,18.33,1.55,28.74,1529,4.14,,,
2023,SB,3563,5407.1,78.58,72.58,84.29,78.89,73.88,90.74,82.09,77.89,78.32,64.36,74.93,67.36,75.65,72.23,49.02,63.39,63.76,73.63,8.39,15.5,2.48,26.37,3356,5.81,,,
2023,ST,9360,27182.2,69.02,58.45,77.87,70.75,60.21,84.59,73.21,64.15,62.55,57.6,56.54,62.49,48.14,66.63,38.96,50.18,60.4,69.95,11.7,12.08,6.27,30.05,8594,8.18,,,
2023,SZ,25757,58169.0,65.05,55.26,74.12,65.76,51.61,75.76,66.9,52.23,55.69,49.27,49.25,49.29,44.16,54.73,33.7,46.86,50.13,63.2,11.34,21.13,4.33,36.8,23969,6.94,,,
2023,TD,20624,53578.6,73.44,60.88,83.76,75.67,68.65,87.03,75.55,74.64,72.63,61.15,66.19,67.33,63.03,73.12,45.89,59.63,62.23,69.96,12.07,13.28,4.69,30.04,19486,5.52,,,
2023,TR,42362,97717.5,73.73,65.42,81.94,73.82,65.14,86.74,71.21,71.05,69.66,54.79,65.05,64.07,64.53,71.13,49.04,59.69,63.52,67.62,12.52,16.74,3.12,32.38,39509,6.73,,,
2023,XX,10300,16607.5,74.97,64.26,83.77,76.9,68.12,89.19,77.48,70.1,72.17,63.05,67.17,69.4,63.63,73.57,50.28,61.89,65.95,66.81,11.83,16.9,4.46,33.19,8843,14.15,,,
