measure,node,period_start,value,n,source_ref
fevs_engagement,AF0J,2019-01-01,69.8,3189,fevs:2019-prdf-level1
fevs_leave_any,AF0J,2019-01-01,39.1,3189,fevs:2019-prdf-level1
fevs_leave_other,AF0J,2019-01-01,11.9,3189,fevs:2019-prdf-level1
fevs_leave_outside,AF0J,2019-01-01,2.9,3189,fevs:2019-prdf-level1
fevs_leave_within,AF0J,2019-01-01,24.3,3189,fevs:2019-prdf-level1
fevs_engagement,AF0R,2019-01-01,70.1,804,fevs:2019-prdf-level1
fevs_leave_any,AF0R,2019-01-01,47.3,804,fevs:2019-prdf-level1
fevs_leave_other,AF0R,2019-01-01,13.1,804,fevs:2019-prdf-level1
fevs_leave_outside,AF0R,2019-01-01,2.7,804,fevs:2019-prdf-level1
fevs_leave_within,AF0R,2019-01-01,31.5,804,fevs:2019-prdf-level1
fevs_engagement,AF13,2019-01-01,74.0,574,fevs:2019-prdf-level1
fevs_leave_any,AF13,2019-01-01,47.7,574,fevs:2019-prdf-level1
fevs_leave_other,AF13,2019-01-01,13.4,574,fevs:2019-prdf-level1
fevs_leave_outside,AF13,2019-01-01,3.7,574,fevs:2019-prdf-level1
fevs_leave_within,AF13,2019-01-01,30.5,574,fevs:2019-prdf-level1
fevs_engagement,AF1C,2019-01-01,73.6,2961,fevs:2019-prdf-level1
fevs_leave_any,AF1C,2019-01-01,39.0,2961,fevs:2019-prdf-level1
fevs_leave_other,AF1C,2019-01-01,11.4,2961,fevs:2019-prdf-level1
fevs_leave_outside,AF1C,2019-01-01,3.1,2961,fevs:2019-prdf-level1
fevs_leave_within,AF1C,2019-01-01,24.6,2961,fevs:2019-prdf-level1
fevs_engagement,AF1L,2019-01-01,73.5,1871,fevs:2019-prdf-level1
fevs_leave_any,AF1L,2019-01-01,38.2,1871,fevs:2019-prdf-level1
fevs_leave_other,AF1L,2019-01-01,12.3,1871,fevs:2019-prdf-level1
fevs_leave_outside,AF1L,2019-01-01,3.0,1871,fevs:2019-prdf-level1
fevs_leave_within,AF1L,2019-01-01,22.9,1871,fevs:2019-prdf-level1
fevs_engagement,AF1M,2019-01-01,67.4,11909,fevs:2019-prdf-level1
fevs_leave_any,AF1M,2019-01-01,43.8,11909,fevs:2019-prdf-level1
fevs_leave_other,AF1M,2019-01-01,9.7,11909,fevs:2019-prdf-level1
fevs_leave_outside,AF1M,2019-01-01,4.8,11909,fevs:2019-prdf-level1
fevs_leave_within,AF1M,2019-01-01,29.4,11909,fevs:2019-prdf-level1
fevs_engagement,AF1Y,2019-01-01,79.5,614,fevs:2019-prdf-level1
fevs_leave_any,AF1Y,2019-01-01,33.0,614,fevs:2019-prdf-level1
fevs_leave_other,AF1Y,2019-01-01,7.0,614,fevs:2019-prdf-level1
fevs_leave_outside,AF1Y,2019-01-01,3.5,614,fevs:2019-prdf-level1
fevs_leave_within,AF1Y,2019-01-01,22.5,614,fevs:2019-prdf-level1
fevs_engagement,AG07,2019-01-01,63.2,2308,fevs:2019-prdf-level1
fevs_leave_any,AG07,2019-01-01,38.8,2308,fevs:2019-prdf-level1
fevs_leave_other,AG07,2019-01-01,14.2,2308,fevs:2019-prdf-level1
fevs_leave_outside,AG07,2019-01-01,5.1,2308,fevs:2019-prdf-level1
fevs_leave_within,AG07,2019-01-01,19.4,2308,fevs:2019-prdf-level1
fevs_engagement,AG37,2019-01-01,67.9,1420,fevs:2019-prdf-level1
fevs_leave_any,AG37,2019-01-01,39.3,1420,fevs:2019-prdf-level1
fevs_leave_other,AG37,2019-01-01,10.0,1420,fevs:2019-prdf-level1
fevs_leave_outside,AG37,2019-01-01,4.4,1420,fevs:2019-prdf-level1
fevs_leave_within,AG37,2019-01-01,25.0,1420,fevs:2019-prdf-level1
fevs_engagement,AGDA,2019-01-01,66.9,630,fevs:2019-prdf-level1
fevs_leave_any,AGDA,2019-01-01,43.5,630,fevs:2019-prdf-level1
fevs_leave_other,AGDA,2019-01-01,10.6,630,fevs:2019-prdf-level1
fevs_leave_outside,AGDA,2019-01-01,4.9,630,fevs:2019-prdf-level1
fevs_leave_within,AGDA,2019-01-01,28.0,630,fevs:2019-prdf-level1
fevs_engagement,AR2A,2019-01-01,66.1,1589,fevs:2019-prdf-level1
fevs_leave_any,AR2A,2019-01-01,50.4,1589,fevs:2019-prdf-level1
fevs_leave_other,AR2A,2019-01-01,9.6,1589,fevs:2019-prdf-level1
fevs_leave_outside,AR2A,2019-01-01,3.0,1589,fevs:2019-prdf-level1
fevs_leave_within,AR2A,2019-01-01,37.8,1589,fevs:2019-prdf-level1
fevs_engagement,ARAE,2019-01-01,75.2,1594,fevs:2019-prdf-level1
fevs_leave_any,ARAE,2019-01-01,40.0,1594,fevs:2019-prdf-level1
fevs_leave_other,ARAE,2019-01-01,10.1,1594,fevs:2019-prdf-level1
fevs_leave_outside,ARAE,2019-01-01,3.2,1594,fevs:2019-prdf-level1
fevs_leave_within,ARAE,2019-01-01,26.6,1594,fevs:2019-prdf-level1
fevs_engagement,ARAF,2019-01-01,72.2,6729,fevs:2019-prdf-level1
fevs_leave_any,ARAF,2019-01-01,29.3,6729,fevs:2019-prdf-level1
fevs_leave_other,ARAF,2019-01-01,9.0,6729,fevs:2019-prdf-level1
fevs_leave_outside,ARAF,2019-01-01,4.3,6729,fevs:2019-prdf-level1
fevs_leave_within,ARAF,2019-01-01,16.0,6729,fevs:2019-prdf-level1
fevs_engagement,ARAP,2019-01-01,71.9,548,fevs:2019-prdf-level1
fevs_leave_any,ARAP,2019-01-01,48.2,548,fevs:2019-prdf-level1
fevs_leave_other,ARAP,2019-01-01,16.9,548,fevs:2019-prdf-level1
fevs_leave_outside,ARAP,2019-01-01,3.0,548,fevs:2019-prdf-level1
fevs_leave_within,ARAP,2019-01-01,28.4,548,fevs:2019-prdf-level1
fevs_engagement,ARAT,2019-01-01,70.8,2386,fevs:2019-prdf-level1
fevs_leave_any,ARAT,2019-01-01,38.7,2386,fevs:2019-prdf-level1
fevs_leave_other,ARAT,2019-01-01,10.4,2386,fevs:2019-prdf-level1
fevs_leave_outside,ARAT,2019-01-01,2.6,2386,fevs:2019-prdf-level1
fevs_leave_within,ARAT,2019-01-01,25.7,2386,fevs:2019-prdf-level1
fevs_engagement,ARCE,2019-01-01,74.0,20826,fevs:2019-prdf-level1
fevs_leave_any,ARCE,2019-01-01,29.0,20826,fevs:2019-prdf-level1
fevs_leave_other,ARCE,2019-01-01,9.5,20826,fevs:2019-prdf-level1
fevs_leave_outside,ARCE,2019-01-01,3.0,20826,fevs:2019-prdf-level1
fevs_leave_within,ARCE,2019-01-01,16.6,20826,fevs:2019-prdf-level1
fevs_engagement,ARCH,2019-01-01,72.3,1265,fevs:2019-prdf-level1
fevs_leave_any,ARCH,2019-01-01,38.1,1265,fevs:2019-prdf-level1
fevs_leave_other,ARCH,2019-01-01,7.6,1265,fevs:2019-prdf-level1
fevs_leave_outside,ARCH,2019-01-01,1.6,1265,fevs:2019-prdf-level1
fevs_leave_within,ARCH,2019-01-01,28.9,1265,fevs:2019-prdf-level1
fevs_engagement,ARE1,2019-01-01,69.6,484,fevs:2019-prdf-level1
fevs_leave_any,ARE1,2019-01-01,49.0,484,fevs:2019-prdf-level1
fevs_leave_other,ARE1,2019-01-01,11.5,484,fevs:2019-prdf-level1
fevs_leave_outside,ARE1,2019-01-01,3.7,484,fevs:2019-prdf-level1
fevs_leave_within,ARE1,2019-01-01,33.8,484,fevs:2019-prdf-level1
fevs_engagement,ARFC,2019-01-01,76.4,913,fevs:2019-prdf-level1
fevs_leave_any,ARFC,2019-01-01,41.6,913,fevs:2019-prdf-level1
fevs_leave_other,ARFC,2019-01-01,12.3,913,fevs:2019-prdf-level1
fevs_leave_outside,ARFC,2019-01-01,1.9,913,fevs:2019-prdf-level1
fevs_leave_within,ARFC,2019-01-01,27.5,913,fevs:2019-prdf-level1
fevs_engagement,ARHC,2019-01-01,70.6,614,fevs:2019-prdf-level1
fevs_leave_any,ARHC,2019-01-01,44.9,614,fevs:2019-prdf-level1
fevs_leave_other,ARHC,2019-01-01,12.4,614,fevs:2019-prdf-level1
fevs_leave_outside,ARHC,2019-01-01,2.3,614,fevs:2019-prdf-level1
fevs_leave_within,ARHC,2019-01-01,30.2,614,fevs:2019-prdf-level1
fevs_engagement,ARHR,2019-01-01,71.4,2807,fevs:2019-prdf-level1
fevs_leave_any,ARHR,2019-01-01,48.9,2807,fevs:2019-prdf-level1
fevs_leave_other,ARHR,2019-01-01,11.5,2807,fevs:2019-prdf-level1
fevs_leave_outside,ARHR,2019-01-01,3.2,2807,fevs:2019-prdf-level1
fevs_leave_within,ARHR,2019-01-01,34.1,2807,fevs:2019-prdf-level1
fevs_engagement,ARJA,2019-01-01,71.7,579,fevs:2019-prdf-level1
fevs_leave_any,ARJA,2019-01-01,48.7,579,fevs:2019-prdf-level1
fevs_leave_other,ARJA,2019-01-01,9.0,579,fevs:2019-prdf-level1
fevs_leave_outside,ARJA,2019-01-01,3.1,579,fevs:2019-prdf-level1
fevs_leave_within,ARJA,2019-01-01,36.6,579,fevs:2019-prdf-level1
fevs_engagement,ARMC,2019-01-01,64.9,10018,fevs:2019-prdf-level1
fevs_leave_any,ARMC,2019-01-01,44.2,10018,fevs:2019-prdf-level1
fevs_leave_other,ARMC,2019-01-01,13.4,10018,fevs:2019-prdf-level1
fevs_leave_outside,ARMC,2019-01-01,4.4,10018,fevs:2019-prdf-level1
fevs_leave_within,ARMC,2019-01-01,26.4,10018,fevs:2019-prdf-level1
fevs_engagement,ARP1,2019-01-01,72.7,606,fevs:2019-prdf-level1
fevs_leave_any,ARP1,2019-01-01,47.3,606,fevs:2019-prdf-level1
fevs_leave_other,ARP1,2019-01-01,9.9,606,fevs:2019-prdf-level1
fevs_leave_outside,ARP1,2019-01-01,2.1,606,fevs:2019-prdf-level1
fevs_leave_within,ARP1,2019-01-01,35.3,606,fevs:2019-prdf-level1
fevs_engagement,ARSP,2019-01-01,81.8,648,fevs:2019-prdf-level1
fevs_leave_any,ARSP,2019-01-01,31.5,648,fevs:2019-prdf-level1
fevs_leave_other,ARSP,2019-01-01,8.7,648,fevs:2019-prdf-level1
fevs_leave_outside,ARSP,2019-01-01,3.2,648,fevs:2019-prdf-level1
fevs_leave_within,ARSP,2019-01-01,19.6,648,fevs:2019-prdf-level1
fevs_engagement,ARTC,2019-01-01,73.5,5059,fevs:2019-prdf-level1
fevs_leave_any,ARTC,2019-01-01,39.8,5059,fevs:2019-prdf-level1
fevs_leave_other,ARTC,2019-01-01,11.3,5059,fevs:2019-prdf-level1
fevs_leave_outside,ARTC,2019-01-01,2.3,5059,fevs:2019-prdf-level1
fevs_leave_within,ARTC,2019-01-01,26.2,5059,fevs:2019-prdf-level1
fevs_engagement,CM54,2019-01-01,70.7,5274,fevs:2019-prdf-level1
fevs_leave_any,CM54,2019-01-01,29.0,5274,fevs:2019-prdf-level1
fevs_leave_other,CM54,2019-01-01,10.6,5274,fevs:2019-prdf-level1
fevs_leave_outside,CM54,2019-01-01,3.8,5274,fevs:2019-prdf-level1
fevs_leave_within,CM54,2019-01-01,14.6,5274,fevs:2019-prdf-level1
fevs_engagement,CM55,2019-01-01,68.4,742,fevs:2019-prdf-level1
fevs_leave_any,CM55,2019-01-01,33.8,742,fevs:2019-prdf-level1
fevs_leave_other,CM55,2019-01-01,8.8,742,fevs:2019-prdf-level1
fevs_leave_outside,CM55,2019-01-01,7.1,742,fevs:2019-prdf-level1
fevs_leave_within,CM55,2019-01-01,17.9,742,fevs:2019-prdf-level1
fevs_engagement,CM56,2019-01-01,74.9,7143,fevs:2019-prdf-level1
fevs_leave_any,CM56,2019-01-01,13.8,7143,fevs:2019-prdf-level1
fevs_leave_other,CM56,2019-01-01,5.2,7143,fevs:2019-prdf-level1
fevs_leave_outside,CM56,2019-01-01,4.0,7143,fevs:2019-prdf-level1
fevs_leave_within,CM56,2019-01-01,4.7,7143,fevs:2019-prdf-level1
fevs_engagement,CM57,2019-01-01,75.4,1424,fevs:2019-prdf-level1
fevs_leave_any,CM57,2019-01-01,25.5,1424,fevs:2019-prdf-level1
fevs_leave_other,CM57,2019-01-01,9.6,1424,fevs:2019-prdf-level1
fevs_leave_outside,CM57,2019-01-01,6.9,1424,fevs:2019-prdf-level1
fevs_leave_within,CM57,2019-01-01,9.0,1424,fevs:2019-prdf-level1
fevs_engagement,CM63,2019-01-01,71.5,3737,fevs:2019-prdf-level1
fevs_leave_any,CM63,2019-01-01,27.7,3737,fevs:2019-prdf-level1
fevs_leave_other,CM63,2019-01-01,10.3,3737,fevs:2019-prdf-level1
fevs_leave_outside,CM63,2019-01-01,3.9,3737,fevs:2019-prdf-level1
fevs_leave_within,CM63,2019-01-01,13.6,3737,fevs:2019-prdf-level1
fevs_engagement,DD04,2019-01-01,65.0,2589,fevs:2019-prdf-level1
fevs_leave_any,DD04,2019-01-01,47.7,2589,fevs:2019-prdf-level1
fevs_leave_other,DD04,2019-01-01,10.5,2589,fevs:2019-prdf-level1
fevs_leave_outside,DD04,2019-01-01,3.1,2589,fevs:2019-prdf-level1
fevs_leave_within,DD04,2019-01-01,34.1,2589,fevs:2019-prdf-level1
fevs_engagement,DD07,2019-01-01,69.7,4879,fevs:2019-prdf-level1
fevs_leave_any,DD07,2019-01-01,38.8,4879,fevs:2019-prdf-level1
fevs_leave_other,DD07,2019-01-01,10.0,4879,fevs:2019-prdf-level1
fevs_leave_outside,DD07,2019-01-01,2.7,4879,fevs:2019-prdf-level1
fevs_leave_within,DD07,2019-01-01,26.1,4879,fevs:2019-prdf-level1
fevs_engagement,DD10,2019-01-01,78.4,3106,fevs:2019-prdf-level1
fevs_leave_any,DD10,2019-01-01,31.6,3106,fevs:2019-prdf-level1
fevs_leave_other,DD10,2019-01-01,6.9,3106,fevs:2019-prdf-level1
fevs_leave_outside,DD10,2019-01-01,2.0,3106,fevs:2019-prdf-level1
fevs_leave_within,DD10,2019-01-01,22.7,3106,fevs:2019-prdf-level1
fevs_engagement,DD21,2019-01-01,68.4,1364,fevs:2019-prdf-level1
fevs_leave_any,DD21,2019-01-01,46.2,1364,fevs:2019-prdf-level1
fevs_leave_other,DD21,2019-01-01,10.9,1364,fevs:2019-prdf-level1
fevs_leave_outside,DD21,2019-01-01,3.9,1364,fevs:2019-prdf-level1
fevs_leave_within,DD21,2019-01-01,31.5,1364,fevs:2019-prdf-level1
fevs_engagement,DD26,2019-01-01,75.8,1113,fevs:2019-prdf-level1
fevs_leave_any,DD26,2019-01-01,30.6,1113,fevs:2019-prdf-level1
fevs_leave_other,DD26,2019-01-01,6.0,1113,fevs:2019-prdf-level1
fevs_leave_outside,DD26,2019-01-01,2.5,1113,fevs:2019-prdf-level1
fevs_leave_within,DD26,2019-01-01,22.1,1113,fevs:2019-prdf-level1
fevs_engagement,DD27,2019-01-01,69.0,1056,fevs:2019-prdf-level1
fevs_leave_any,DD27,2019-01-01,40.8,1056,fevs:2019-prdf-level1
fevs_leave_other,DD27,2019-01-01,8.9,1056,fevs:2019-prdf-level1
fevs_leave_outside,DD27,2019-01-01,5.5,1056,fevs:2019-prdf-level1
fevs_leave_within,DD27,2019-01-01,26.4,1056,fevs:2019-prdf-level1
fevs_engagement,DD34,2019-01-01,59.9,2115,fevs:2019-prdf-level1
fevs_leave_any,DD34,2019-01-01,44.1,2115,fevs:2019-prdf-level1
fevs_leave_other,DD34,2019-01-01,14.5,2115,fevs:2019-prdf-level1
fevs_leave_outside,DD34,2019-01-01,2.4,2115,fevs:2019-prdf-level1
fevs_leave_within,DD34,2019-01-01,27.3,2115,fevs:2019-prdf-level1
fevs_engagement,DD35,2019-01-01,73.8,5221,fevs:2019-prdf-level1
fevs_leave_any,DD35,2019-01-01,30.2,5221,fevs:2019-prdf-level1
fevs_leave_other,DD35,2019-01-01,8.3,5221,fevs:2019-prdf-level1
fevs_leave_outside,DD35,2019-01-01,2.1,5221,fevs:2019-prdf-level1
fevs_leave_within,DD35,2019-01-01,19.8,5221,fevs:2019-prdf-level1
fevs_engagement,DD48,2019-01-01,70.1,606,fevs:2019-prdf-level1
fevs_leave_any,DD48,2019-01-01,44.1,606,fevs:2019-prdf-level1
fevs_leave_other,DD48,2019-01-01,11.8,606,fevs:2019-prdf-level1
fevs_leave_outside,DD48,2019-01-01,3.5,606,fevs:2019-prdf-level1
fevs_leave_within,DD48,2019-01-01,28.8,606,fevs:2019-prdf-level1
fevs_engagement,DD60,2019-01-01,66.8,2064,fevs:2019-prdf-level1
fevs_leave_any,DD60,2019-01-01,43.2,2064,fevs:2019-prdf-level1
fevs_leave_other,DD60,2019-01-01,12.0,2064,fevs:2019-prdf-level1
fevs_leave_outside,DD60,2019-01-01,3.3,2064,fevs:2019-prdf-level1
fevs_leave_within,DD60,2019-01-01,28.0,2064,fevs:2019-prdf-level1
fevs_engagement,DD61,2019-01-01,69.8,635,fevs:2019-prdf-level1
fevs_leave_any,DD61,2019-01-01,49.3,635,fevs:2019-prdf-level1
fevs_leave_other,DD61,2019-01-01,10.0,635,fevs:2019-prdf-level1
fevs_leave_outside,DD61,2019-01-01,4.0,635,fevs:2019-prdf-level1
fevs_leave_within,DD61,2019-01-01,35.3,635,fevs:2019-prdf-level1
fevs_engagement,DD63,2019-01-01,73.8,4296,fevs:2019-prdf-level1
fevs_leave_any,DD63,2019-01-01,37.9,4296,fevs:2019-prdf-level1
fevs_leave_other,DD63,2019-01-01,10.0,4296,fevs:2019-prdf-level1
fevs_leave_outside,DD63,2019-01-01,3.1,4296,fevs:2019-prdf-level1
fevs_leave_within,DD63,2019-01-01,24.8,4296,fevs:2019-prdf-level1
fevs_engagement,DJ02,2019-01-01,68.9,4627,fevs:2019-prdf-level1
fevs_leave_any,DJ02,2019-01-01,28.8,4627,fevs:2019-prdf-level1
fevs_leave_other,DJ02,2019-01-01,10.3,4627,fevs:2019-prdf-level1
fevs_leave_outside,DJ02,2019-01-01,7.5,4627,fevs:2019-prdf-level1
fevs_leave_within,DJ02,2019-01-01,11.0,4627,fevs:2019-prdf-level1
fevs_engagement,DJ03,2019-01-01,60.3,7562,fevs:2019-prdf-level1
fevs_leave_any,DJ03,2019-01-01,31.8,7562,fevs:2019-prdf-level1
fevs_leave_other,DJ03,2019-01-01,10.7,7562,fevs:2019-prdf-level1
fevs_leave_outside,DJ03,2019-01-01,4.8,7562,fevs:2019-prdf-level1
fevs_leave_within,DJ03,2019-01-01,16.3,7562,fevs:2019-prdf-level1
fevs_engagement,DJ06,2019-01-01,72.5,2625,fevs:2019-prdf-level1
fevs_leave_any,DJ06,2019-01-01,26.4,2625,fevs:2019-prdf-level1
fevs_leave_other,DJ06,2019-01-01,9.7,2625,fevs:2019-prdf-level1
fevs_leave_outside,DJ06,2019-01-01,4.3,2625,fevs:2019-prdf-level1
fevs_leave_within,DJ06,2019-01-01,12.3,2625,fevs:2019-prdf-level1
fevs_engagement,DJ08,2019-01-01,71.5,2972,fevs:2019-prdf-level1
fevs_leave_any,DJ08,2019-01-01,23.9,2972,fevs:2019-prdf-level1
fevs_leave_other,DJ08,2019-01-01,8.9,2972,fevs:2019-prdf-level1
fevs_leave_outside,DJ08,2019-01-01,2.6,2972,fevs:2019-prdf-level1
fevs_leave_within,DJ08,2019-01-01,12.5,2972,fevs:2019-prdf-level1
fevs_engagement,DJ09,2019-01-01,78.6,4396,fevs:2019-prdf-level1
fevs_leave_any,DJ09,2019-01-01,29.1,4396,fevs:2019-prdf-level1
fevs_leave_other,DJ09,2019-01-01,10.0,4396,fevs:2019-prdf-level1
fevs_leave_outside,DJ09,2019-01-01,5.5,4396,fevs:2019-prdf-level1
fevs_leave_within,DJ09,2019-01-01,13.6,4396,fevs:2019-prdf-level1
fevs_engagement,DJ11,2019-01-01,71.3,459,fevs:2019-prdf-level1
fevs_leave_any,DJ11,2019-01-01,24.6,459,fevs:2019-prdf-level1
fevs_leave_other,DJ11,2019-01-01,11.1,459,fevs:2019-prdf-level1
fevs_leave_outside,DJ11,2019-01-01,4.1,459,fevs:2019-prdf-level1
fevs_leave_within,DJ11,2019-01-01,9.4,459,fevs:2019-prdf-level1
fevs_engagement,DJ12,2019-01-01,57.5,596,fevs:2019-prdf-level1
fevs_leave_any,DJ12,2019-01-01,42.7,596,fevs:2019-prdf-level1
fevs_leave_other,DJ12,2019-01-01,11.5,596,fevs:2019-prdf-level1
fevs_leave_outside,DJ12,2019-01-01,3.8,596,fevs:2019-prdf-level1
fevs_leave_within,DJ12,2019-01-01,27.3,596,fevs:2019-prdf-level1
fevs_engagement,DJ15,2019-01-01,68.5,1637,fevs:2019-prdf-level1
fevs_leave_any,DJ15,2019-01-01,23.3,1637,fevs:2019-prdf-level1
fevs_leave_other,DJ15,2019-01-01,8.0,1637,fevs:2019-prdf-level1
fevs_leave_outside,DJ15,2019-01-01,3.6,1637,fevs:2019-prdf-level1
fevs_leave_within,DJ15,2019-01-01,11.7,1637,fevs:2019-prdf-level1
fevs_engagement,DLLS,2019-01-01,76.4,1328,fevs:2019-prdf-level1
fevs_leave_any,DLLS,2019-01-01,35.8,1328,fevs:2019-prdf-level1
fevs_leave_other,DLLS,2019-01-01,10.9,1328,fevs:2019-prdf-level1
fevs_leave_outside,DLLS,2019-01-01,5.2,1328,fevs:2019-prdf-level1
fevs_leave_within,DLLS,2019-01-01,19.7,1328,fevs:2019-prdf-level1
fevs_engagement,DLMS,2019-01-01,61.5,877,fevs:2019-prdf-level1
fevs_leave_any,DLMS,2019-01-01,33.5,877,fevs:2019-prdf-level1
fevs_leave_other,DLMS,2019-01-01,14.7,877,fevs:2019-prdf-level1
fevs_leave_outside,DLMS,2019-01-01,3.5,877,fevs:2019-prdf-level1
fevs_leave_within,DLMS,2019-01-01,15.2,877,fevs:2019-prdf-level1
fevs_engagement,DLOW,2019-01-01,59.2,653,fevs:2019-prdf-level1
fevs_leave_any,DLOW,2019-01-01,44.0,653,fevs:2019-prdf-level1
fevs_leave_other,DLOW,2019-01-01,12.1,653,fevs:2019-prdf-level1
fevs_leave_outside,DLOW,2019-01-01,4.6,653,fevs:2019-prdf-level1
fevs_leave_within,DLOW,2019-01-01,27.2,653,fevs:2019-prdf-level1
fevs_engagement,DLPW,2019-01-01,70.1,488,fevs:2019-prdf-level1
fevs_leave_any,DLPW,2019-01-01,32.7,488,fevs:2019-prdf-level1
fevs_leave_other,DLPW,2019-01-01,7.6,488,fevs:2019-prdf-level1
fevs_leave_outside,DLPW,2019-01-01,5.5,488,fevs:2019-prdf-level1
fevs_leave_within,DLPW,2019-01-01,19.6,488,fevs:2019-prdf-level1
fevs_engagement,DLSH,2019-01-01,70.7,1084,fevs:2019-prdf-level1
fevs_leave_any,DLSH,2019-01-01,30.9,1084,fevs:2019-prdf-level1
fevs_leave_other,DLSH,2019-01-01,10.6,1084,fevs:2019-prdf-level1
fevs_leave_outside,DLSH,2019-01-01,3.5,1084,fevs:2019-prdf-level1
fevs_leave_within,DLSH,2019-01-01,16.9,1084,fevs:2019-prdf-level1
fevs_engagement,DLSL,2019-01-01,71.2,405,fevs:2019-prdf-level1
fevs_leave_any,DLSL,2019-01-01,31.7,405,fevs:2019-prdf-level1
fevs_leave_other,DLSL,2019-01-01,8.9,405,fevs:2019-prdf-level1
fevs_leave_outside,DLSL,2019-01-01,7.9,405,fevs:2019-prdf-level1
fevs_leave_within,DLSL,2019-01-01,15.0,405,fevs:2019-prdf-level1
fevs_engagement,DLWH,2019-01-01,70.0,961,fevs:2019-prdf-level1
fevs_leave_any,DLWH,2019-01-01,30.4,961,fevs:2019-prdf-level1
fevs_leave_other,DLWH,2019-01-01,9.4,961,fevs:2019-prdf-level1
fevs_leave_outside,DLWH,2019-01-01,3.4,961,fevs:2019-prdf-level1
fevs_leave_within,DLWH,2019-01-01,17.6,961,fevs:2019-prdf-level1
fevs_engagement,DN00,2019-01-01,71.0,1324,fevs:2019-prdf-level1
fevs_leave_any,DN00,2019-01-01,31.8,1324,fevs:2019-prdf-level1
fevs_leave_other,DN00,2019-01-01,10.1,1324,fevs:2019-prdf-level1
fevs_leave_outside,DN00,2019-01-01,6.8,1324,fevs:2019-prdf-level1
fevs_leave_within,DN00,2019-01-01,14.9,1324,fevs:2019-prdf-level1
fevs_engagement,EDEN,2019-01-01,61.4,716,fevs:2019-prdf-level1
fevs_leave_any,EDEN,2019-01-01,43.1,716,fevs:2019-prdf-level1
fevs_leave_other,EDEN,2019-01-01,11.8,716,fevs:2019-prdf-level1
fevs_leave_outside,EDEN,2019-01-01,5.0,716,fevs:2019-prdf-level1
fevs_leave_within,EDEN,2019-01-01,26.3,716,fevs:2019-prdf-level1
fevs_engagement,HE13,2019-01-01,82.5,1269,fevs:2019-prdf-level1
fevs_leave_any,HE13,2019-01-01,17.3,1269,fevs:2019-prdf-level1
fevs_leave_other,HE13,2019-01-01,5.7,1269,fevs:2019-prdf-level1
fevs_leave_outside,HE13,2019-01-01,2.1,1269,fevs:2019-prdf-level1
fevs_leave_within,HE13,2019-01-01,9.5,1269,fevs:2019-prdf-level1
fevs_engagement,HE34,2019-01-01,79.3,1737,fevs:2019-prdf-level1
fevs_leave_any,HE34,2019-01-01,34.9,1737,fevs:2019-prdf-level1
fevs_leave_other,HE34,2019-01-01,7.5,1737,fevs:2019-prdf-level1
fevs_leave_outside,HE34,2019-01-01,2.7,1737,fevs:2019-prdf-level1
fevs_leave_within,HE34,2019-01-01,24.6,1737,fevs:2019-prdf-level1
fevs_engagement,HE36,2019-01-01,75.9,12250,fevs:2019-prdf-level1
fevs_leave_any,HE36,2019-01-01,24.7,12250,fevs:2019-prdf-level1
fevs_leave_other,HE36,2019-01-01,7.2,12250,fevs:2019-prdf-level1
fevs_leave_outside,HE36,2019-01-01,4.1,12250,fevs:2019-prdf-level1
fevs_leave_within,HE36,2019-01-01,13.3,12250,fevs:2019-prdf-level1
fevs_engagement,HE37,2019-01-01,65.5,8572,fevs:2019-prdf-level1
fevs_leave_any,HE37,2019-01-01,31.0,8572,fevs:2019-prdf-level1
fevs_leave_other,HE37,2019-01-01,12.8,8572,fevs:2019-prdf-level1
fevs_leave_outside,HE37,2019-01-01,4.7,8572,fevs:2019-prdf-level1
fevs_leave_within,HE37,2019-01-01,13.5,8572,fevs:2019-prdf-level1
fevs_engagement,HE38,2019-01-01,78.4,11025,fevs:2019-prdf-level1
fevs_leave_any,HE38,2019-01-01,27.2,11025,fevs:2019-prdf-level1
fevs_leave_other,HE38,2019-01-01,8.5,11025,fevs:2019-prdf-level1
fevs_leave_outside,HE38,2019-01-01,3.7,11025,fevs:2019-prdf-level1
fevs_leave_within,HE38,2019-01-01,15.0,11025,fevs:2019-prdf-level1
fevs_engagement,HE39,2019-01-01,74.0,8485,fevs:2019-prdf-level1
fevs_leave_any,HE39,2019-01-01,25.4,8485,fevs:2019-prdf-level1
fevs_leave_other,HE39,2019-01-01,8.4,8485,fevs:2019-prdf-level1
fevs_leave_outside,HE39,2019-01-01,3.8,8485,fevs:2019-prdf-level1
fevs_leave_within,HE39,2019-01-01,13.2,8485,fevs:2019-prdf-level1
fevs_engagement,HE70,2019-01-01,73.6,4337,fevs:2019-prdf-level1
fevs_leave_any,HE70,2019-01-01,27.6,4337,fevs:2019-prdf-level1
fevs_leave_other,HE70,2019-01-01,7.2,4337,fevs:2019-prdf-level1
fevs_leave_outside,HE70,2019-01-01,4.1,4337,fevs:2019-prdf-level1
fevs_leave_within,HE70,2019-01-01,16.2,4337,fevs:2019-prdf-level1
fevs_engagement,HSAC,2019-01-01,76.3,3120,fevs:2019-prdf-level1
fevs_leave_any,HSAC,2019-01-01,36.2,3120,fevs:2019-prdf-level1
fevs_leave_other,HSAC,2019-01-01,11.3,3120,fevs:2019-prdf-level1
fevs_leave_outside,HSAC,2019-01-01,3.3,3120,fevs:2019-prdf-level1
fevs_leave_within,HSAC,2019-01-01,21.5,3120,fevs:2019-prdf-level1
fevs_engagement,HSAD,2019-01-01,64.4,2749,fevs:2019-prdf-level1
fevs_leave_any,HSAD,2019-01-01,34.5,2749,fevs:2019-prdf-level1
fevs_leave_other,HSAD,2019-01-01,10.3,2749,fevs:2019-prdf-level1
fevs_leave_outside,HSAD,2019-01-01,3.3,2749,fevs:2019-prdf-level1
fevs_leave_within,HSAD,2019-01-01,20.9,2749,fevs:2019-prdf-level1
fevs_engagement,HSBB,2019-01-01,62.0,8171,fevs:2019-prdf-level1
fevs_leave_any,HSBB,2019-01-01,32.6,8171,fevs:2019-prdf-level1
fevs_leave_other,HSBB,2019-01-01,8.5,8171,fevs:2019-prdf-level1
fevs_leave_outside,HSBB,2019-01-01,2.9,8171,fevs:2019-prdf-level1
fevs_leave_within,HSBB,2019-01-01,21.1,8171,fevs:2019-prdf-level1
fevs_engagement,HSBC,2019-01-01,59.7,27356,fevs:2019-prdf-level1
fevs_leave_any,HSBC,2019-01-01,48.2,27356,fevs:2019-prdf-level1
fevs_leave_other,HSBC,2019-01-01,13.1,27356,fevs:2019-prdf-level1
fevs_leave_outside,HSBC,2019-01-01,7.1,27356,fevs:2019-prdf-level1
fevs_leave_within,HSBC,2019-01-01,28.0,27356,fevs:2019-prdf-level1
fevs_engagement,HSBD,2019-01-01,56.8,16450,fevs:2019-prdf-level1
fevs_leave_any,HSBD,2019-01-01,33.9,16450,fevs:2019-prdf-level1
fevs_leave_other,HSBD,2019-01-01,9.3,16450,fevs:2019-prdf-level1
fevs_leave_outside,HSBD,2019-01-01,4.3,16450,fevs:2019-prdf-level1
fevs_leave_within,HSBD,2019-01-01,20.4,16450,fevs:2019-prdf-level1
fevs_engagement,HSBE,2019-01-01,66.3,600,fevs:2019-prdf-level1
fevs_leave_any,HSBE,2019-01-01,37.1,600,fevs:2019-prdf-level1
fevs_leave_other,HSBE,2019-01-01,13.9,600,fevs:2019-prdf-level1
fevs_leave_outside,HSBE,2019-01-01,3.4,600,fevs:2019-prdf-level1
fevs_leave_within,HSBE,2019-01-01,19.9,600,fevs:2019-prdf-level1
fevs_engagement,HSCA,2019-01-01,61.2,1974,fevs:2019-prdf-level1
fevs_leave_any,HSCA,2019-01-01,48.1,1974,fevs:2019-prdf-level1
fevs_leave_other,HSCA,2019-01-01,8.7,1974,fevs:2019-prdf-level1
fevs_leave_outside,HSCA,2019-01-01,6.1,1974,fevs:2019-prdf-level1
fevs_leave_within,HSCA,2019-01-01,33.3,1974,fevs:2019-prdf-level1
fevs_engagement,HSCB,2019-01-01,65.8,2485,fevs:2019-prdf-level1
fevs_leave_any,HSCB,2019-01-01,44.6,2485,fevs:2019-prdf-level1
fevs_leave_other,HSCB,2019-01-01,10.1,2485,fevs:2019-prdf-level1
fevs_leave_outside,HSCB,2019-01-01,4.3,2485,fevs:2019-prdf-level1
fevs_leave_within,HSCB,2019-01-01,30.2,2485,fevs:2019-prdf-level1
fevs_engagement,IN01,2019-01-01,70.1,1962,fevs:2019-prdf-level1
fevs_leave_any,IN01,2019-01-01,35.2,1962,fevs:2019-prdf-level1
fevs_leave_other,IN01,2019-01-01,9.3,1962,fevs:2019-prdf-level1
fevs_leave_outside,IN01,2019-01-01,3.5,1962,fevs:2019-prdf-level1
fevs_leave_within,IN01,2019-01-01,22.4,1962,fevs:2019-prdf-level1
fevs_engagement,IN05,2019-01-01,63.0,4116,fevs:2019-prdf-level1
fevs_leave_any,IN05,2019-01-01,40.4,4116,fevs:2019-prdf-level1
fevs_leave_other,IN05,2019-01-01,12.2,4116,fevs:2019-prdf-level1
fevs_leave_outside,IN05,2019-01-01,5.6,4116,fevs:2019-prdf-level1
fevs_leave_within,IN05,2019-01-01,22.6,4116,fevs:2019-prdf-level1
fevs_engagement,IN06,2019-01-01,58.6,1948,fevs:2019-prdf-level1
fevs_leave_any,IN06,2019-01-01,39.2,1948,fevs:2019-prdf-level1
fevs_leave_other,IN06,2019-01-01,13.5,1948,fevs:2019-prdf-level1
fevs_leave_outside,IN06,2019-01-01,3.5,1948,fevs:2019-prdf-level1
fevs_leave_within,IN06,2019-01-01,22.2,1948,fevs:2019-prdf-level1
fevs_engagement,IN07,2019-01-01,69.2,3054,fevs:2019-prdf-level1
fevs_leave_any,IN07,2019-01-01,31.9,3054,fevs:2019-prdf-level1
fevs_leave_other,IN07,2019-01-01,9.5,3054,fevs:2019-prdf-level1
fevs_leave_outside,IN07,2019-01-01,3.5,3054,fevs:2019-prdf-level1
fevs_leave_within,IN07,2019-01-01,18.9,3054,fevs:2019-prdf-level1
fevs_engagement,IN08,2019-01-01,68.1,3633,fevs:2019-prdf-level1
fevs_leave_any,IN08,2019-01-01,28.9,3633,fevs:2019-prdf-level1
fevs_leave_other,IN08,2019-01-01,11.0,3633,fevs:2019-prdf-level1
fevs_leave_outside,IN08,2019-01-01,6.1,3633,fevs:2019-prdf-level1
fevs_leave_within,IN08,2019-01-01,11.7,3633,fevs:2019-prdf-level1
fevs_engagement,IN10,2019-01-01,62.7,5987,fevs:2019-prdf-level1
fevs_leave_any,IN10,2019-01-01,35.0,5987,fevs:2019-prdf-level1
fevs_leave_other,IN10,2019-01-01,11.0,5987,fevs:2019-prdf-level1
fevs_leave_outside,IN10,2019-01-01,4.5,5987,fevs:2019-prdf-level1
fevs_leave_within,IN10,2019-01-01,19.5,5987,fevs:2019-prdf-level1
fevs_engagement,IN15,2019-01-01,68.3,4359,fevs:2019-prdf-level1
fevs_leave_any,IN15,2019-01-01,30.2,4359,fevs:2019-prdf-level1
fevs_leave_other,IN15,2019-01-01,10.0,4359,fevs:2019-prdf-level1
fevs_leave_outside,IN15,2019-01-01,3.7,4359,fevs:2019-prdf-level1
fevs_leave_within,IN15,2019-01-01,16.5,4359,fevs:2019-prdf-level1
fevs_engagement,IN26,2019-01-01,70.6,614,fevs:2019-prdf-level1
fevs_leave_any,IN26,2019-01-01,31.4,614,fevs:2019-prdf-level1
fevs_leave_other,IN26,2019-01-01,9.6,614,fevs:2019-prdf-level1
fevs_leave_outside,IN26,2019-01-01,4.7,614,fevs:2019-prdf-level1
fevs_leave_within,IN26,2019-01-01,17.1,614,fevs:2019-prdf-level1
fevs_engagement,IN27,2019-01-01,75.7,455,fevs:2019-prdf-level1
fevs_leave_any,IN27,2019-01-01,31.1,455,fevs:2019-prdf-level1
fevs_leave_other,IN27,2019-01-01,9.8,455,fevs:2019-prdf-level1
fevs_leave_outside,IN27,2019-01-01,3.6,455,fevs:2019-prdf-level1
fevs_leave_within,IN27,2019-01-01,17.8,455,fevs:2019-prdf-level1
fevs_engagement,NN10,2019-01-01,78.8,860,fevs:2019-prdf-level1
fevs_leave_any,NN10,2019-01-01,31.3,860,fevs:2019-prdf-level1
fevs_leave_other,NN10,2019-01-01,11.1,860,fevs:2019-prdf-level1
fevs_leave_outside,NN10,2019-01-01,6.4,860,fevs:2019-prdf-level1
fevs_leave_within,NN10,2019-01-01,13.8,860,fevs:2019-prdf-level1
fevs_engagement,NN21,2019-01-01,79.8,664,fevs:2019-prdf-level1
fevs_leave_any,NN21,2019-01-01,25.4,664,fevs:2019-prdf-level1
fevs_leave_other,NN21,2019-01-01,10.3,664,fevs:2019-prdf-level1
fevs_leave_outside,NN21,2019-01-01,9.9,664,fevs:2019-prdf-level1
fevs_leave_within,NN21,2019-01-01,5.2,664,fevs:2019-prdf-level1
fevs_engagement,NN22,2019-01-01,80.8,887,fevs:2019-prdf-level1
fevs_leave_any,NN22,2019-01-01,18.7,887,fevs:2019-prdf-level1
fevs_leave_other,NN22,2019-01-01,10.2,887,fevs:2019-prdf-level1
fevs_leave_outside,NN22,2019-01-01,1.9,887,fevs:2019-prdf-level1
fevs_leave_within,NN22,2019-01-01,6.7,887,fevs:2019-prdf-level1
fevs_engagement,NN23,2019-01-01,79.9,894,fevs:2019-prdf-level1
fevs_leave_any,NN23,2019-01-01,17.7,894,fevs:2019-prdf-level1
fevs_leave_other,NN23,2019-01-01,9.9,894,fevs:2019-prdf-level1
fevs_leave_outside,NN23,2019-01-01,3.4,894,fevs:2019-prdf-level1
fevs_leave_within,NN23,2019-01-01,4.4,894,fevs:2019-prdf-level1
fevs_engagement,NN51,2019-01-01,83.8,1966,fevs:2019-prdf-level1
fevs_leave_any,NN51,2019-01-01,19.7,1966,fevs:2019-prdf-level1
fevs_leave_other,NN51,2019-01-01,9.5,1966,fevs:2019-prdf-level1
fevs_leave_outside,NN51,2019-01-01,3.6,1966,fevs:2019-prdf-level1
fevs_leave_within,NN51,2019-01-01,6.6,1966,fevs:2019-prdf-level1
fevs_engagement,NN62,2019-01-01,84.1,1546,fevs:2019-prdf-level1
fevs_leave_any,NN62,2019-01-01,20.2,1546,fevs:2019-prdf-level1
fevs_leave_other,NN62,2019-01-01,9.8,1546,fevs:2019-prdf-level1
fevs_leave_outside,NN62,2019-01-01,2.6,1546,fevs:2019-prdf-level1
fevs_leave_within,NN62,2019-01-01,7.8,1546,fevs:2019-prdf-level1
fevs_engagement,NN72,2019-01-01,84.4,1672,fevs:2019-prdf-level1
fevs_leave_any,NN72,2019-01-01,19.3,1672,fevs:2019-prdf-level1
fevs_leave_other,NN72,2019-01-01,8.5,1672,fevs:2019-prdf-level1
fevs_leave_outside,NN72,2019-01-01,4.1,1672,fevs:2019-prdf-level1
fevs_leave_within,NN72,2019-01-01,6.7,1672,fevs:2019-prdf-level1
fevs_engagement,NN76,2019-01-01,86.7,1543,fevs:2019-prdf-level1
fevs_leave_any,NN76,2019-01-01,18.4,1543,fevs:2019-prdf-level1
fevs_leave_other,NN76,2019-01-01,8.1,1543,fevs:2019-prdf-level1
fevs_leave_outside,NN76,2019-01-01,3.3,1543,fevs:2019-prdf-level1
fevs_leave_within,NN76,2019-01-01,7.0,1543,fevs:2019-prdf-level1
fevs_engagement,NV14,2019-01-01,70.1,635,fevs:2019-prdf-level1
fevs_leave_any,NV14,2019-01-01,39.0,635,fevs:2019-prdf-level1
fevs_leave_other,NV14,2019-01-01,13.0,635,fevs:2019-prdf-level1
fevs_leave_outside,NV14,2019-01-01,6.9,635,fevs:2019-prdf-level1
fevs_leave_within,NV14,2019-01-01,19.1,635,fevs:2019-prdf-level1
fevs_engagement,NV19,2019-01-01,69.5,8157,fevs:2019-prdf-level1
fevs_leave_any,NV19,2019-01-01,31.3,8157,fevs:2019-prdf-level1
fevs_leave_other,NV19,2019-01-01,9.8,8157,fevs:2019-prdf-level1
fevs_leave_outside,NV19,2019-01-01,4.1,8157,fevs:2019-prdf-level1
fevs_leave_within,NV19,2019-01-01,17.3,8157,fevs:2019-prdf-level1
fevs_engagement,NV22,2019-01-01,69.8,935,fevs:2019-prdf-level1
fevs_leave_any,NV22,2019-01-01,45.7,935,fevs:2019-prdf-level1
fevs_leave_other,NV22,2019-01-01,12.0,935,fevs:2019-prdf-level1
fevs_leave_outside,NV22,2019-01-01,4.3,935,fevs:2019-prdf-level1
fevs_leave_within,NV22,2019-01-01,29.3,935,fevs:2019-prdf-level1
fevs_engagement,NV23,2019-01-01,70.2,1735,fevs:2019-prdf-level1
fevs_leave_any,NV23,2019-01-01,43.8,1735,fevs:2019-prdf-level1
fevs_leave_other,NV23,2019-01-01,10.8,1735,fevs:2019-prdf-level1
fevs_leave_outside,NV23,2019-01-01,2.3,1735,fevs:2019-prdf-level1
fevs_leave_within,NV23,2019-01-01,30.8,1735,fevs:2019-prdf-level1
fevs_engagement,NV24,2019-01-01,72.1,10467,fevs:2019-prdf-level1
fevs_leave_any,NV24,2019-01-01,31.2,10467,fevs:2019-prdf-level1
fevs_leave_other,NV24,2019-01-01,9.0,10467,fevs:2019-prdf-level1
fevs_leave_outside,NV24,2019-01-01,4.6,10467,fevs:2019-prdf-level1
fevs_leave_within,NV24,2019-01-01,17.6,10467,fevs:2019-prdf-level1
fevs_engagement,NV25,2019-01-01,69.6,3767,fevs:2019-prdf-level1
fevs_leave_any,NV25,2019-01-01,38.8,3767,fevs:2019-prdf-level1
fevs_leave_other,NV25,2019-01-01,10.9,3767,fevs:2019-prdf-level1
fevs_leave_outside,NV25,2019-01-01,3.1,3767,fevs:2019-prdf-level1
fevs_leave_within,NV25,2019-01-01,24.8,3767,fevs:2019-prdf-level1
fevs_engagement,NV27,2019-01-01,67.9,4932,fevs:2019-prdf-level1
fevs_leave_any,NV27,2019-01-01,43.8,4932,fevs:2019-prdf-level1
fevs_leave_other,NV27,2019-01-01,11.0,4932,fevs:2019-prdf-level1
fevs_leave_outside,NV27,2019-01-01,2.9,4932,fevs:2019-prdf-level1
fevs_leave_within,NV27,2019-01-01,29.9,4932,fevs:2019-prdf-level1
fevs_engagement,NV52,2019-01-01,63.7,2389,fevs:2019-prdf-level1
fevs_leave_any,NV52,2019-01-01,48.8,2389,fevs:2019-prdf-level1
fevs_leave_other,NV52,2019-01-01,12.8,2389,fevs:2019-prdf-level1
fevs_leave_outside,NV52,2019-01-01,3.7,2389,fevs:2019-prdf-level1
fevs_leave_within,NV52,2019-01-01,32.3,2389,fevs:2019-prdf-level1
fevs_engagement,NV60,2019-01-01,68.8,4782,fevs:2019-prdf-level1
fevs_leave_any,NV60,2019-01-01,39.8,4782,fevs:2019-prdf-level1
fevs_leave_other,NV60,2019-01-01,9.5,4782,fevs:2019-prdf-level1
fevs_leave_outside,NV60,2019-01-01,4.0,4782,fevs:2019-prdf-level1
fevs_leave_within,NV60,2019-01-01,26.3,4782,fevs:2019-prdf-level1
fevs_engagement,NV70,2019-01-01,69.8,4526,fevs:2019-prdf-level1
fevs_leave_any,NV70,2019-01-01,35.0,4526,fevs:2019-prdf-level1
fevs_leave_other,NV70,2019-01-01,8.9,4526,fevs:2019-prdf-level1
fevs_leave_outside,NV70,2019-01-01,4.3,4526,fevs:2019-prdf-level1
fevs_leave_within,NV70,2019-01-01,21.7,4526,fevs:2019-prdf-level1
fevs_engagement,NV74,2019-01-01,80.6,400,fevs:2019-prdf-level1
fevs_leave_any,NV74,2019-01-01,34.4,400,fevs:2019-prdf-level1
fevs_leave_other,NV74,2019-01-01,6.7,400,fevs:2019-prdf-level1
fevs_leave_outside,NV74,2019-01-01,2.2,400,fevs:2019-prdf-level1
fevs_leave_within,NV74,2019-01-01,25.5,400,fevs:2019-prdf-level1
fevs_engagement,NV76,2019-01-01,75.6,1101,fevs:2019-prdf-level1
fevs_leave_any,NV76,2019-01-01,34.6,1101,fevs:2019-prdf-level1
fevs_leave_other,NV76,2019-01-01,9.6,1101,fevs:2019-prdf-level1
fevs_leave_outside,NV76,2019-01-01,1.8,1101,fevs:2019-prdf-level1
fevs_leave_within,NV76,2019-01-01,23.2,1101,fevs:2019-prdf-level1
fevs_engagement,TD01,2019-01-01,66.0,643,fevs:2019-prdf-level1
fevs_leave_any,TD01,2019-01-01,39.2,643,fevs:2019-prdf-level1
fevs_leave_other,TD01,2019-01-01,10.7,643,fevs:2019-prdf-level1
fevs_leave_outside,TD01,2019-01-01,7.1,643,fevs:2019-prdf-level1
fevs_leave_within,TD01,2019-01-01,21.4,643,fevs:2019-prdf-level1
fevs_engagement,TD03,2019-01-01,67.8,14948,fevs:2019-prdf-level1
fevs_leave_any,TD03,2019-01-01,29.2,14948,fevs:2019-prdf-level1
fevs_leave_other,TD03,2019-01-01,10.5,14948,fevs:2019-prdf-level1
fevs_leave_outside,TD03,2019-01-01,4.6,14948,fevs:2019-prdf-level1
fevs_leave_within,TD03,2019-01-01,14.0,14948,fevs:2019-prdf-level1
fevs_engagement,TD04,2019-01-01,76.6,1718,fevs:2019-prdf-level1
fevs_leave_any,TD04,2019-01-01,26.4,1718,fevs:2019-prdf-level1
fevs_leave_other,TD04,2019-01-01,9.4,1718,fevs:2019-prdf-level1
fevs_leave_outside,TD04,2019-01-01,4.3,1718,fevs:2019-prdf-level1
fevs_leave_within,TD04,2019-01-01,12.8,1718,fevs:2019-prdf-level1
fevs_engagement,TD05,2019-01-01,76.3,558,fevs:2019-prdf-level1
fevs_leave_any,TD05,2019-01-01,27.7,558,fevs:2019-prdf-level1
fevs_leave_other,TD05,2019-01-01,11.0,558,fevs:2019-prdf-level1
fevs_leave_outside,TD05,2019-01-01,5.8,558,fevs:2019-prdf-level1
fevs_leave_within,TD05,2019-01-01,10.9,558,fevs:2019-prdf-level1
fevs_engagement,TD16,2019-01-01,65.0,367,fevs:2019-prdf-level1
fevs_leave_any,TD16,2019-01-01,40.4,367,fevs:2019-prdf-level1
fevs_leave_other,TD16,2019-01-01,12.3,367,fevs:2019-prdf-level1
fevs_leave_outside,TD16,2019-01-01,4.0,367,fevs:2019-prdf-level1
fevs_leave_within,TD16,2019-01-01,24.1,367,fevs:2019-prdf-level1
fevs_engagement,TD17,2019-01-01,69.9,754,fevs:2019-prdf-level1
fevs_leave_any,TD17,2019-01-01,32.2,754,fevs:2019-prdf-level1
fevs_leave_other,TD17,2019-01-01,8.4,754,fevs:2019-prdf-level1
fevs_leave_outside,TD17,2019-01-01,4.4,754,fevs:2019-prdf-level1
fevs_leave_within,TD17,2019-01-01,19.4,754,fevs:2019-prdf-level1
fevs_engagement,TR91,2019-01-01,67.4,906,fevs:2019-prdf-level1
fevs_leave_any,TR91,2019-01-01,44.0,906,fevs:2019-prdf-level1
fevs_leave_other,TR91,2019-01-01,10.0,906,fevs:2019-prdf-level1
fevs_leave_outside,TR91,2019-01-01,11.4,906,fevs:2019-prdf-level1
fevs_leave_within,TR91,2019-01-01,22.6,906,fevs:2019-prdf-level1
fevs_engagement,TR93,2019-01-01,68.6,31457,fevs:2019-prdf-level1
fevs_leave_any,TR93,2019-01-01,30.2,31457,fevs:2019-prdf-level1
fevs_leave_other,TR93,2019-01-01,12.7,31457,fevs:2019-prdf-level1
fevs_leave_outside,TR93,2019-01-01,2.9,31457,fevs:2019-prdf-level1
fevs_leave_within,TR93,2019-01-01,14.6,31457,fevs:2019-prdf-level1
fevs_engagement,TRAD,2019-01-01,66.6,948,fevs:2019-prdf-level1
fevs_leave_any,TRAD,2019-01-01,26.3,948,fevs:2019-prdf-level1
fevs_leave_other,TRAD,2019-01-01,11.9,948,fevs:2019-prdf-level1
fevs_leave_outside,TRAD,2019-01-01,1.7,948,fevs:2019-prdf-level1
fevs_leave_within,TRAD,2019-01-01,12.7,948,fevs:2019-prdf-level1
fevs_engagement,TRAI,2019-01-01,68.4,770,fevs:2019-prdf-level1
fevs_leave_any,TRAI,2019-01-01,23.5,770,fevs:2019-prdf-level1
fevs_leave_other,TRAI,2019-01-01,7.7,770,fevs:2019-prdf-level1
fevs_leave_outside,TRAI,2019-01-01,1.0,770,fevs:2019-prdf-level1
fevs_leave_within,TRAI,2019-01-01,14.8,770,fevs:2019-prdf-level1
fevs_engagement,TRAJ,2019-01-01,72.1,2876,fevs:2019-prdf-level1
fevs_leave_any,TRAJ,2019-01-01,23.5,2876,fevs:2019-prdf-level1
fevs_leave_other,TRAJ,2019-01-01,10.3,2876,fevs:2019-prdf-level1
fevs_leave_outside,TRAJ,2019-01-01,6.0,2876,fevs:2019-prdf-level1
fevs_leave_within,TRAJ,2019-01-01,7.1,2876,fevs:2019-prdf-level1
fevs_engagement,TRFD,2019-01-01,76.9,2379,fevs:2019-prdf-level1
fevs_leave_any,TRFD,2019-01-01,25.9,2379,fevs:2019-prdf-level1
fevs_leave_other,TRFD,2019-01-01,7.5,2379,fevs:2019-prdf-level1
fevs_leave_outside,TRFD,2019-01-01,2.8,2379,fevs:2019-prdf-level1
fevs_leave_within,TRFD,2019-01-01,15.6,2379,fevs:2019-prdf-level1
fevs_engagement,TRTG,2019-01-01,77.9,429,fevs:2019-prdf-level1
fevs_leave_any,TRTG,2019-01-01,25.6,429,fevs:2019-prdf-level1
fevs_leave_other,TRTG,2019-01-01,9.3,429,fevs:2019-prdf-level1
fevs_leave_outside,TRTG,2019-01-01,2.3,429,fevs:2019-prdf-level1
fevs_leave_within,TRTG,2019-01-01,14.0,429,fevs:2019-prdf-level1
